type,fixed acidity,volatile acidity,citric acid,residual sugar,chlorides,free sulfur dioxide,total sulfur dioxide,density,pH,sulphates,alcohol,quality
0,7.6,0.31,0.27,5.8,0.036,23,109,0.99399,3.34,0.54,11,4
0,6.4,0.21,0.28,5.9,0.047,29,101,0.99278,3.15,0.4,11,4
0,7.3,0.2,0.44,1.4,0.045,21,98,0.9924,3.15,0.46,10,5
0,6.6,0.32,0.33,2.5,0.052,40,219.5,0.99316,3.15,0.6,10,3
0,4.2,0.215,0.23,5.1,0.041,64,157,0.99688,3.42,0.44,8,1
0,6.2,0.34,0.28,7.5,0.034,40,197,0.99485,3.14,0.6,9.7,3
1,11.5,0.59,0.59,2.6,0.087,13,49,0.9988,3.18,0.65,11,4
0,7.5,0.19,0.4,7.1,0.056,50,110,0.9954,3.06,0.52,9.9,4
0,6.7,0.13,0.57,6.6,0.056,60,150,0.99548,2.96,0.43,9.4,4
0,7.3,0.18,0.29,1.2,0.044,12,143,0.9918,3.2,0.48,11.3,5
1,7,0.36,0.21,2.4,0.086,24,69,0.99556,3.4,0.53,10.1,4
0,7.5,0.14,0.74,1.6,0.035,21,126,0.9933,3.26,0.45,10.2,4
0,6.8,0.25,0.27,10.7,0.076,47,154,0.9967,3.05,0.38,9,3
0,6.6,0.26,0.29,1.4,0.039,13,67,0.9915,3.05,0.49,10.9,4
0,6.8,0.16,0.36,1.3,0.034,32,98,0.99058,3.02,0.58,11.3,4
1,7.7,0.51,0.28,2.1,0.087,23,54,0.998,3.42,0.74,9.2,3
1,9,0.4,0.43,2.4,0.068,29,46,0.9943,3.2,0.6,12.2,4
0,6.4,0.17,0.3,2.8,0.034,33,125,0.99152,3.03,0.49,10.4,4
0,7.8,0.27,0.35,1.2,0.05,36,140,0.99138,3.09,0.45,11.2,3
0,8.8,0.28,0.45,6,0.022,14,49,0.9934,3.01,0.33,11.1,5
1,9.3,0.27,0.41,2,0.091,6,16,0.998,3.28,0.7,9.7,3
1,9.5,0.37,0.52,2,0.082,6,26,0.998,3.18,0.51,9.5,3
0,6.9,0.17,0.25,1.6,0.047,34,132,0.9914,3.16,0.48,11.4,3
0,6.6,0.27,0.49,7.8,0.049,62,217,0.9959,3.17,0.45,9.4,4
1,8,0.715,0.22,2.3,0.075,13,81,0.99688,3.24,0.54,9.5,4
0,5.7,0.22,0.2,16,0.044,41,113,0.99862,3.22,0.46,8.9,4
0,6.5,0.38,0.26,5.2,0.042,33,112,0.99067,3.06,0.5,12.3,5
0,6.9,0.17,0.22,4.6,0.064,55,152,0.9952,3.29,0.37,9.3,4
0,7.7,0.3,0.32,1.6,0.037,23,124,0.9919,2.93,0.33,11,4
0,6.6,0.36,0.29,1.6,0.021,24,85,0.98965,3.41,0.61,12.4,7
0,6.3,0.3,0.48,7.4,0.053,34,149,0.99472,3.18,0.53,9.8,3
0,7.2,0.31,0.46,5,0.04,3,29,0.9906,3.04,0.53,12.5,2
0,6.4,0.29,0.44,3.6,0.2,75,181,0.9942,3.02,0.41,9.1,3
0,7.4,0.3,0.22,1.4,0.046,16,135,0.9928,3.08,0.77,10.4,5
0,6.9,0.38,0.38,13.1,0.112,14,94,0.99792,3.02,0.48,9.2,3
1,6.5,0.88,0.03,5.6,0.079,23,47,0.99572,3.58,0.5,11.2,2
0,6.2,0.36,0.38,3.2,0.031,20,89,0.98956,3.06,0.33,12,5
0,8.5,0.17,0.49,8.8,0.048,23,108,0.9947,2.88,0.34,10.5,2
1,7.9,0.34,0.36,1.9,0.065,5,10,0.99419,3.27,0.54,11.2,5
0,6.4,0.29,0.18,15,0.04,21,116,0.99736,3.14,0.5,9.2,3
1,8.2,0.51,0.24,2,0.079,16,86,0.99764,3.34,0.64,9.5,4
1,8.1,0.575,0.22,2.1,0.077,12,65,0.9967,3.29,0.51,9.2,3
0,6.8,0.18,0.28,1.1,0.027,32,112,0.99089,3.15,0.45,11,5
0,8,0.16,0.36,1.5,0.033,14,122,0.9941,3.2,0.39,10.3,2
1,6.1,0.59,0.01,2.1,0.056,5,13,0.99472,3.52,0.56,11.4,3
0,7.3,0.2,0.29,19.5,0.039,69,237,1.00037,3.1,0.48,9.2,4
0,6,0.22,0.23,5,0.045,10,122,0.99261,2.94,0.63,10,4
0,6.7,0.15,0.38,1.7,0.037,20,84,0.99046,3.09,0.53,11.4,4
0,6.7,0.47,0.29,4.75,0.034,29,134,0.99056,3.29,0.46,13,5
0,6,0.395,0,1.4,0.042,7,55,0.99135,3.37,0.38,11.2,2
0,6.6,0.19,0.28,1.1,0.044,38,100,0.9904,3.22,0.69,11.2,4
1,8.1,0.87,0,2.2,0.084,10,31,0.99656,3.25,0.5,9.8,3
1,8.4,0.59,0.29,2.6,0.109,31,119,0.99801,3.15,0.5,9.1,3
1,7.5,0.65,0.18,7,0.088,27,94,0.99915,3.38,0.77,9.4,3
0,6.4,0.26,0.21,7.1,0.04,35,162,0.9956,3.39,0.58,9.9,4
0,6.8,0.28,0.6,1.1,0.132,42,127,0.9934,3.09,0.44,9.1,4
0,7.2,0.27,0.46,18.75,0.052,45,255,1,3.04,0.52,8.9,3
1,10.6,0.28,0.39,15.5,0.069,6,23,1.0026,3.12,0.66,9.2,3
0,5.4,0.3,0.3,1.2,0.029,25,93,0.98742,3.31,0.4,13.6,5
1,7.8,0.53,0.33,2.4,0.08,24,144,0.99655,3.3,0.6,9.5,3
1,7.9,0.58,0.23,2.3,0.076,23,94,0.99686,3.21,0.58,9.5,4
0,5.7,0.16,0.32,1.2,0.036,7,89,0.99111,3.26,0.48,11,3
0,7.6,0.26,0.58,7.9,0.041,62,180,0.9966,3.07,0.38,9,3
1,7.1,0.43,0.42,5.5,0.071,28,128,0.9973,3.42,0.71,10.5,3
0,8.3,0.22,0.38,14.8,0.054,32,126,1.0002,3.22,0.5,9.7,3
0,6.6,0.24,0.24,8.6,0.034,25,135,0.99582,3.33,0.59,10.3,4
0,6.8,0.31,0.19,3.5,0.086,30,130,0.993,2.83,0.44,9.6,3
0,6.7,0.31,0.44,6.7,0.054,29,160,0.9952,3.04,0.44,9.6,3
0,7.9,0.3,0.27,8.5,0.036,20,112,0.9939,2.96,0.46,11.7,4
0,7.7,0.28,0.33,6.7,0.037,32,155,0.9951,3.39,0.62,10.7,5
0,7.6,0.2,0.31,1.4,0.047,41,142,0.9934,3.43,0.53,10.1,4
1,7.4,0.36,0.3,1.8,0.074,17,24,0.99419,3.24,0.7,11.4,6
1,6.7,0.62,0.21,1.9,0.079,8,62,0.997,3.52,0.58,9.3,4
0,6.5,0.36,0.36,6.7,0.185,51.5,151,0.99528,3.17,0.42,9.3,3
1,7.2,0.57,0.05,2.3,0.081,16,36,0.99564,3.38,0.6,10.3,4
0,6.8,0.29,0.49,1.4,0.142,52,148,0.9937,3.08,0.49,9,4
0,7.6,0.18,0.36,2.4,0.049,38,123,0.996,3.6,0.46,10.3,3
0,7.6,0.27,0.42,2.6,0.044,29,110,0.9912,3.31,0.51,12.7,4
0,5.7,0.22,0.29,3.5,0.04,27,146,0.98999,3.17,0.36,12.1,4
0,6.7,0.19,0.23,6.2,0.047,36,117,0.9945,3.34,0.43,9.6,4
0,6.2,0.31,0.23,3.3,0.052,34,113,0.99429,3.16,0.48,8.4,3
0,6.9,0.19,0.31,19.25,0.043,38,167,0.99954,2.93,0.52,9.1,5
0,6.7,0.47,0.34,8.9,0.043,31,172,0.9964,3.22,0.6,9.2,3
0,6.2,0.28,0.33,1.7,0.029,24,111,0.99,3.24,0.5,12.1,4
0,6.5,0.29,0.25,10.6,0.039,32,120,0.9962,3.31,0.34,10.1,4
0,6.6,0.27,0.32,1.3,0.044,18,93,0.99044,3.11,0.56,12.25,3
0,7.4,0.49,0.24,15.1,0.03,34,153,0.9953,3.13,0.51,12,5
0,6.1,0.28,0.25,6.9,0.056,44,201,0.9955,3.19,0.4,9.1,4
0,7.1,0.32,0.24,13.1,0.05,52,204,0.998,3.1,0.49,8.8,3
0,6.7,0.39,0.24,2.7,0.017,22,80,0.99084,3.03,0.37,11.5,3
1,7.4,0.63,0.07,2.4,0.09,11,37,0.9979,3.43,0.76,9.7,4
0,6.6,0.25,0.32,5.6,0.039,15,68,0.99163,2.96,0.52,11.1,4
0,7.2,0.27,0.27,2.4,0.048,30,149,0.9936,3.1,0.51,9.2,4
1,6.6,0.5,0,1.8,0.062,21,28,0.99352,3.44,0.55,12.3,4
0,7.2,0.21,0.36,15.7,0.045,68,183,0.99922,3.25,0.76,9.4,3
1,7.8,0.39,0.42,2,0.086,9,21,0.99526,3.39,0.66,11.6,4
0,6.5,0.33,0.24,14.5,0.048,20,96,0.99456,3.06,0.3,11.5,6
0,6.6,0.3,0.74,4.6,0.041,36,159,0.9946,3.21,0.45,9.9,3
0,6.6,0.17,0.35,2.6,0.03,33,78,0.99146,3.22,0.72,11.3,4
0,7.1,0.26,0.19,8.2,0.051,53,187,0.996,3.16,0.52,9.7,3
0,6.4,0.25,0.74,7.8,0.045,52,209,0.9956,3.21,0.42,9.2,4
0,8.5,0.23,0.4,9.9,0.036,24,88,0.9951,3.02,0.42,10.5,4
1,8.5,0.49,0.11,2.3,0.084,9,67,0.9968,3.17,0.53,9.4,3
0,5.7,0.28,0.35,1.2,0.052,39,141,0.99108,3.44,0.69,11.3,4
0,5.6,0.26,0.26,5.7,0.031,12,80,0.9923,3.25,0.38,10.8,3
1,9.3,0.775,0.27,2.8,0.078,24,56,0.9984,3.31,0.67,10.6,4
1,10.6,0.83,0.37,2.6,0.086,26,70,0.9981,3.16,0.52,9.9,3
0,6.8,0.25,0.31,13.3,0.05,69,202,0.9972,3.22,0.48,9.7,4
0,6.4,0.105,0.29,1.1,0.035,44,140,0.99142,3.17,0.55,10.7,5
0,6.6,0.32,0.24,1.3,0.06,42.5,204,0.99512,3.59,0.51,9.2,3
0,5.5,0.3,0.25,1.9,0.029,33,118,0.98972,3.36,0.66,12.5,4
0,5.8,0.28,0.18,1.2,0.058,7,108,0.99288,3.23,0.58,9.55,2
0,7.4,0.155,0.34,2.3,0.045,73.5,214,0.9934,3.18,0.61,9.9,5
1,9.1,0.5,0.3,1.9,0.065,8,17,0.99774,3.32,0.71,10.5,4
1,7.9,0.37,0.23,1.8,0.077,23,49,0.9963,3.28,0.67,9.3,3
0,6.6,0.17,0.36,1.9,0.036,38,110,0.99056,3.05,0.54,11.4,4
1,10.3,0.53,0.48,2.5,0.063,6,25,0.9998,3.12,0.59,9.3,4
0,7.7,0.26,0.51,2.6,0.045,26,159,0.99126,3,0.5,11.2,4
0,8.6,0.23,0.46,1,0.054,9,72,0.9941,2.95,0.49,9.1,4
1,6.3,0.36,0.19,3.2,0.075,15,39,0.9956,3.56,0.52,12.7,4
1,11.9,0.43,0.66,3.1,0.109,10,23,1,3.15,0.85,10.4,5
0,5.8,0.27,0.2,7.3,0.04,42,145,0.99442,3.15,0.48,9.8,3
0,7,0.32,0.31,6.4,0.031,38,115,0.99235,3.38,0.58,12.2,5
0,6.5,0.315,0.2,6.6,0.041,9,126,0.99494,2.94,0.51,8.8,3
0,6,0.22,0.33,12.2,0.033,25,97,0.99356,3.17,0.42,11.3,5
1,11.1,0.31,0.49,2.7,0.094,16,47,0.9986,3.12,1.02,10.6,5
1,7.2,0.635,0.07,2.6,0.077,16,86,0.99748,3.51,0.54,9.7,3
0,7.3,0.2,0.37,1.2,0.037,48,119,0.992,3.32,0.49,10.9,4
1,5,1.02,0.04,1.4,0.045,41,85,0.9938,3.75,0.48,10.5,2
0,7,0.15,0.28,14.7,0.051,29,149,0.99792,2.96,0.39,9,5
0,6.3,0.26,0.24,7.2,0.039,38,172,0.9958,3.49,0.64,9.7,4
0,6.9,0.19,0.28,3,0.054,33,99,0.9924,3.16,0.4,10.8,4
0,5.9,0.26,0.29,5.4,0.046,34,116,0.99224,3.24,0.41,11.4,4
1,8.1,0.87,0,3.3,0.096,26,61,1.00025,3.6,0.72,9.8,2
1,10.8,0.32,0.44,1.6,0.063,16,37,0.9985,3.22,0.78,10,4
0,8,0.22,0.31,5.6,0.049,24,97,0.993,3.1,0.42,10.9,3
0,7.2,0.32,0.3,8.25,0.02,14,104,0.99362,2.99,0.44,11.4,4
0,7.4,0.26,0.31,2.4,0.043,58,178,0.9941,3.42,0.68,10.6,4
0,7.2,0.23,0.39,1.5,0.053,26,106,0.99166,3.18,0.47,11.1,4
0,6.5,0.35,0.31,10.2,0.069,58,170,0.99692,3.18,0.49,9.4,3
1,8.6,0.685,0.1,1.6,0.092,3,12,0.99745,3.31,0.65,9.55,4
0,6.8,0.14,0.18,1.4,0.047,30,90,0.99164,3.27,0.54,11.2,4
1,15,0.21,0.44,2.2,0.075,10,24,1.00005,3.07,0.84,9.2,5
0,6.9,0.37,0.28,13.8,0.031,34,137,0.9948,3.1,0.37,11.6,4
1,4.9,0.42,0,2.1,0.048,16,42,0.99154,3.71,0.74,14,5
0,6.3,0.67,0.48,12.6,0.052,57,222,0.9979,3.17,0.52,9.3,4
0,7.3,0.4,0.28,6.5,0.037,26,97,0.99148,3.16,0.58,12.6,5
0,5.5,0.12,0.33,1,0.038,23,131,0.99164,3.25,0.45,9.8,3
0,5.8,0.3,0.27,1.7,0.014,45,104,0.98914,3.4,0.56,12.6,5
0,6.1,0.28,0.22,1.8,0.034,32,116,0.9898,3.36,0.44,12.6,4
1,6.8,0.59,0.06,6,0.06,11,18,0.9962,3.41,0.59,10.8,5
0,7.1,0.29,0.34,7.8,0.036,49,128,0.99397,3.21,0.4,10.7,4
1,7.8,0.735,0.08,2.4,0.092,10,41,0.9974,3.24,0.71,9.8,4
1,7,0.805,0,2.5,0.068,7,20,0.9969,3.48,0.56,9.6,3
0,5,0.33,0.16,1.5,0.049,10,97,0.9917,3.48,0.44,10.7,4
0,7.7,0.12,0.32,1.4,0.06,47,150,0.9952,3.37,0.42,9.2,4
0,6.5,0.22,0.27,1.6,0.039,36,116,0.99178,3.38,0.57,11,5
0,8,0.57,0.39,3.9,0.034,22,122,0.9917,3.29,0.67,12.8,5
1,7.3,0.365,0.49,2.5,0.088,39,106,0.9966,3.36,0.78,11,3
0,7.1,0.31,0.38,1.2,0.036,10,124,0.9924,3.14,0.44,9.9,4
1,8,0.28,0.44,1.8,0.081,28,68,0.99501,3.36,0.66,11.2,3
1,5.7,0.6,0,1.4,0.063,11,18,0.99191,3.45,0.56,12.2,4
1,9.1,0.3,0.34,2,0.064,12,25,0.99516,3.26,0.84,11.7,5
0,6,0.3,0.44,1.5,0.046,15,182,0.99455,3.5,0.52,10.4,3
0,7.6,0.48,0.31,9.4,0.046,6,194,0.99714,3.07,0.61,9.4,3
0,6.2,0.32,0.45,2.9,0.029,37,94,0.98998,3.25,0.6,12.4,4
0,7.3,0.2,0.39,2.3,0.048,24,87,0.99044,2.94,0.35,12,4
0,6.6,0.22,0.23,17.3,0.047,37,118,0.99906,3.08,0.46,8.8,4
0,7.8,0.28,0.22,1.4,0.056,24,130,0.9944,3.28,0.48,9.5,3
0,7.6,0.33,0.36,2.1,0.034,26,172,0.9944,3.42,0.48,10.5,2
0,5,0.27,0.32,4.5,0.032,58,178,0.98956,3.45,0.31,12.6,5
1,6.4,0.31,0.09,1.4,0.066,15,28,0.99459,3.42,0.7,10,5
0,7.4,0.25,0.36,13.2,0.067,53,178,0.9976,3.01,0.48,9,4
1,8.8,0.55,0.04,2.2,0.119,14,56,0.9962,3.21,0.6,10.9,4
0,8.1,0.27,0.41,1.45,0.033,11,63,0.9908,2.99,0.56,12,3
1,11.5,0.41,0.52,3,0.08,29,55,1.0001,3.26,0.88,11,3
0,5.9,0.21,0.23,7.9,0.033,22,130,0.9944,3.38,0.59,10.9,4
0,7.2,0.2,0.61,16.2,0.043,14,103,0.9987,3.06,0.36,9.2,4
0,7,0.22,0.32,1.6,0.045,40,120,0.9914,2.98,0.44,10.5,4
0,8.1,0.26,0.27,4.3,0.03,43,123,0.99212,3.16,0.33,11.2,4
0,7.2,0.23,0.32,8.5,0.058,47,186,0.9956,3.19,0.4,9.9,4
0,8.8,0.35,0.49,1,0.036,14,56,0.992,2.96,0.33,10.5,2
0,7.7,0.23,0.31,10.7,0.038,59,186,0.9969,3.12,0.55,9.5,4
0,6.5,0.33,0.3,3.8,0.036,34,88,0.99028,3.25,0.63,12.5,5
1,10.4,0.28,0.54,2.7,0.105,5,19,0.9988,3.25,0.63,9.5,3
0,7,0.39,0.21,10.7,0.098,13,91,0.99657,3.03,0.47,9.3,3
0,8.4,0.2,0.38,11.8,0.055,51,170,1.0004,3.34,0.82,8.9,4
0,7.2,0.19,0.31,1.4,0.046,37,135,0.9939,3.34,0.57,10.2,5
0,6.1,0.37,0.36,4.7,0.035,36,116,0.991,3.31,0.62,12.6,4
0,7.4,0.24,0.36,2,0.031,27,139,0.99055,3.28,0.48,12.5,7
0,7.9,0.16,0.3,4.8,0.037,37,171,0.9967,3.47,0.44,9,2
0,7,0.16,0.26,6.85,0.047,30,220,0.99622,3.38,0.58,10.1,4
0,8.2,0.61,0.45,5.4,0.03,15,118,0.9954,3.14,0.34,9.6,3
0,6.6,0.36,0.29,1.6,0.021,24,85,0.98965,3.41,0.61,12.4,7
1,6.7,0.56,0.09,2.9,0.079,7,22,0.99669,3.46,0.61,10.2,3
1,7,0.5,0.14,1.8,0.078,10,23,0.99636,3.53,0.61,10.4,3
0,5.8,0.4,0.42,4.4,0.047,38.5,245,0.9937,3.25,0.57,9.6,4
1,7.5,0.49,0.19,1.9,0.076,10,44,0.9957,3.39,0.54,9.7,3
0,6.6,0.22,0.37,1.6,0.04,31,101,0.99009,3.15,0.66,12,3
0,6.6,0.31,0.28,1.4,0.035,28,107,0.98836,3,0.4,13.2,4
1,7.2,0.36,0.46,2.1,0.074,24,44,0.99534,3.4,0.85,11,5
0,6.6,0.28,0.23,10.4,0.049,45,190,0.99754,3.12,0.51,8.8,3
0,7.5,0.23,0.35,17.8,0.058,128,212,1.00241,3.44,0.43,8.9,3
0,6.5,0.2,0.24,9.2,0.044,25,150,0.99502,3.22,0.44,10.5,3
1,8.6,0.63,0.17,2.9,0.099,21,119,0.998,3.09,0.52,9.3,3
1,7.8,0.6,0.26,2,0.08,31,131,0.99622,3.21,0.52,9.9,3
0,7.4,0.21,0.8,12.3,0.038,77,183,0.99778,2.95,0.48,9,3
1,10.4,0.44,0.73,6.55,0.074,38,76,0.999,3.17,0.85,12,5
1,6.8,0.785,0,2.4,0.104,14,30,0.9966,3.52,0.55,10.7,4
0,5.2,0.24,0.15,7.1,0.043,32,134,0.99378,3.24,0.48,9.9,4
1,11.6,0.44,0.64,2.1,0.059,5,15,0.998,3.21,0.67,10.2,4
0,5.2,0.25,0.23,1.4,0.047,20,77,0.99001,3.32,0.62,11.4,3
0,8,0.44,0.49,9.1,0.031,46,151,0.9926,3.16,0.27,12.7,6
1,5.4,0.74,0.09,1.7,0.089,16,26,0.99402,3.67,0.56,11.6,4
1,9.7,0.31,0.47,1.6,0.062,13,33,0.9983,3.27,0.66,10,4
0,7.4,0.18,0.24,1.4,0.047,21,106,0.99383,3.52,0.64,10.5,5
0,6.9,0.23,0.41,8,0.03,30,114,0.99368,3.22,0.54,11,4
0,6,0.19,0.29,1.1,0.047,67,152,0.9916,3.54,0.59,11.1,5
0,6.6,0.64,0.28,4.4,0.032,19,78,0.99036,3.11,0.62,12.9,4
0,5.9,0.34,0.25,2,0.042,12,110,0.99034,3.02,0.54,11.4,4
0,6.4,0.31,0.39,7.5,0.04,57,213,0.99475,3.32,0.43,10,3
0,6.9,0.27,0.49,23.5,0.057,59,235,1.0024,2.98,0.47,8.6,3
0,5.7,0.25,0.32,12.2,0.041,43,127,0.99524,3.23,0.53,10.4,5
0,6,0.16,0.27,12,0.03,39,98,0.99402,3.15,0.34,10.8,3
0,7.7,0.3,0.42,14.3,0.045,45,213,0.9991,3.18,0.63,9.2,3
1,6.9,0.36,0.25,2.4,0.098,5,16,0.9964,3.41,0.6,10.1,4
0,4.7,0.335,0.14,1.3,0.036,69,168,0.99212,3.47,0.46,10.5,3
0,5.6,0.16,0.27,1.4,0.044,53,168,0.9918,3.28,0.37,10.1,4
0,5.2,0.365,0.08,13.5,0.041,37,142,0.997,3.46,0.39,9.9,4
0,6.1,0.16,0.34,6.1,0.034,31,114,0.99365,3.32,0.58,10.15,5
1,7.2,0.58,0.54,2.1,0.114,3,9,0.99719,3.33,0.57,10.3,2
1,8.7,0.69,0.31,3,0.086,23,81,1.0002,3.48,0.74,11.6,4
0,6.1,0.31,0.26,2.2,0.051,28,167,0.9926,3.37,0.47,10.4,4
0,6.5,0.22,0.25,17.1,0.05,44,138,1.0001,3.3,0.37,8.8,3
0,7,0.15,0.28,14.7,0.051,29,149,0.99792,2.96,0.39,9,5
0,7.4,0.25,0.37,13.5,0.06,52,192,0.9975,3,0.44,9.1,3
0,7.6,0.2,0.36,1.9,0.043,24,111,0.99237,3.29,0.54,11.3,4
1,8.3,0.26,0.42,2,0.08,11,27,0.9974,3.21,0.8,9.4,4
1,7.4,0.47,0.46,2.2,0.114,7,20,0.99647,3.32,0.63,10.5,3
0,6.8,0.27,0.3,13,0.047,69,160,0.99705,3.16,0.5,9.6,4
0,6.4,0.29,0.18,15,0.04,21,116,0.99736,3.14,0.5,9.2,3
0,5.9,0.21,0.31,1.8,0.033,45,142,0.98984,3.35,0.5,12.7,4
0,7.5,0.18,0.37,6.2,0.05,21,138,0.99546,3.2,0.55,10.5,4
1,6.9,0.63,0.02,1.9,0.078,18,30,0.99712,3.4,0.75,9.8,3
1,11.6,0.42,0.53,3.3,0.105,33,98,1.001,3.2,0.95,9.2,3
0,5.7,0.27,0.32,1.2,0.046,20,155,0.9934,3.8,0.41,10.2,4
0,6.7,0.24,0.39,2.9,0.173,63,157,0.9937,3.1,0.34,9.4,4
0,6.5,0.27,0.26,11,0.03,2,82,0.99402,3.07,0.36,11.2,3
0,7.4,0.25,0.36,13.2,0.067,53,178,0.9976,3.01,0.48,9,4
1,6.9,0.84,0.21,4.1,0.074,16,65,0.99842,3.53,0.72,9.25,4
1,7.5,0.4,0.12,3,0.092,29,53,0.9967,3.37,0.7,10.3,4
0,7.4,0.23,0.43,1.4,0.044,22,113,0.9938,3.22,0.62,10.6,4
1,7,0.43,0.36,1.6,0.089,14,37,0.99615,3.34,0.56,9.2,4
0,7.4,0.19,0.3,12.8,0.053,48.5,229,0.9986,3.14,0.49,9.1,5
0,6.3,0.38,0.17,8.8,0.08,50,212,0.99803,3.47,0.66,9.4,2
0,8,0.24,0.26,1.7,0.033,36,136,0.99316,3.44,0.51,10.4,5
0,5.8,0.29,0.05,0.8,0.038,11,30,0.9924,3.36,0.35,9.2,3
0,8.2,0.37,0.36,1,0.034,17,93,0.9906,3.04,0.32,11.7,6
0,6.1,0.26,0.28,1.7,0.043,24,98,0.98918,3.14,0.44,12.5,4
0,6.9,0.21,0.49,1.4,0.041,15,164,0.9927,3.25,0.63,11,3
0,7.5,0.15,0.38,1.8,0.054,19,101,0.9946,3.24,0.44,10,3
1,8.6,0.55,0.09,3.3,0.068,8,17,0.99735,3.23,0.44,10,3
0,7.1,0.32,0.3,9.9,0.041,63,192,0.99642,3.12,0.49,10.2,4
0,7.1,0.36,0.37,4.8,0.019,39,114,0.99036,3.08,0.49,12.7,5
0,8,0.22,0.28,14,0.053,83,197,0.9981,3.14,0.45,9.8,4
0,7.3,0.25,0.36,13.1,0.05,35,200,0.9986,3.04,0.46,8.9,5
0,7.9,0.25,0.29,5.3,0.031,33,117,0.9918,3.06,0.32,11.8,5
0,5,0.3,0.33,3.7,0.03,54,173,0.9887,3.36,0.3,13,5
0,6.9,0.24,0.23,7.1,0.041,20,97,0.99246,3.1,0.85,11.4,4
0,6.8,0.39,0.34,7.4,0.02,38,133,0.99212,3.18,0.44,12,5
0,6.9,0.24,0.4,15.4,0.052,81,198,0.9986,3.2,0.69,9.4,3
1,7.3,0.305,0.39,1.2,0.059,7,11,0.99331,3.29,0.52,11.5,4
0,6.1,0.21,0.3,6.3,0.039,47,136,0.99068,3.27,0.31,12.7,4
1,8.8,0.685,0.26,1.6,0.088,16,23,0.99694,3.32,0.47,9.4,3
0,6.6,0.24,0.27,15.8,0.035,46,188,0.9982,3.24,0.51,9.2,3
0,6.3,0.29,0.4,6.5,0.039,43,167,0.9953,3.15,0.44,9.3,4
0,6.6,0.22,0.23,17.3,0.047,37,118,0.99906,3.08,0.46,8.8,4
0,6.7,0.24,0.3,10.2,0.07,44,179,0.99666,2.86,0.46,8.9,4
0,6.4,0.31,0.28,2.5,0.039,34,137,0.98946,3.22,0.38,12.7,4
1,7.5,0.755,0,1.9,0.084,6,12,0.99672,3.34,0.49,9.7,2
0,7.3,0.26,0.24,1.7,0.05,10,112,0.99286,3.11,0.43,9.9,3
0,8.9,0.33,0.32,1.5,0.047,11,200,0.9954,3.19,0.46,9.4,3
0,6.3,0.27,0.46,11.1,0.053,44,177,0.99691,3.18,0.67,9.4,3
0,6.4,0.25,0.74,7.8,0.045,52,209,0.9956,3.21,0.42,9.2,4
0,5.2,0.22,0.46,6.2,0.066,41,187,0.99362,3.19,0.42,9.733333333,3
1,7.5,0.41,0.15,3.7,0.104,29,94,0.99786,3.14,0.58,9.1,3
0,5.4,0.595,0.1,2.8,0.042,26,80,0.9932,3.36,0.38,9.3,3
1,7.4,0.41,0.24,1.8,0.066,18,47,0.9956,3.37,0.62,10.4,3
1,8.9,0.12,0.45,1.8,0.075,10,21,0.99552,3.41,0.76,11.9,5
0,6.9,0.38,0.28,8.3,0.062,22,166,0.99506,3.16,0.72,10.6,3
0,6.4,0.24,0.25,20.2,0.083,35,157,0.99976,3.17,0.5,9.1,3
1,6.8,0.57,0,2.5,0.072,32,64,0.99491,3.43,0.56,11.2,4
0,6.7,0.5,0.38,7.5,0.046,26,175,0.99662,3.32,0.54,9.6,3
0,5.5,0.24,0.45,1.7,0.046,22,113,0.99224,3.22,0.48,10,3
0,5.5,0.16,0.31,1.2,0.026,31,68,0.9898,3.33,0.44,11.65,4
0,6.7,0.16,0.49,2.4,0.046,57,187,0.9952,3.62,0.81,10.4,4
0,7.2,0.6,0.2,9.9,0.07,21,174,0.9971,3.03,0.54,9.1,3
0,6.2,0.32,0.12,4.8,0.054,6,97,0.99424,3.16,0.5,9.3,3
0,7.5,0.42,0.45,9.1,0.029,20,125,0.996,3.12,0.36,10.1,4
1,7,0.69,0.07,2.5,0.091,15,21,0.99572,3.38,0.6,11.3,4
0,7,0.14,0.41,0.9,0.037,22,95,0.9914,3.25,0.43,10.9,4
0,7.2,0.2,0.25,4.5,0.044,31,109,0.9949,3.23,0.36,9.4,3
0,7.7,0.3,0.42,14.3,0.045,45,213,0.9991,3.18,0.63,9.2,3
0,6.8,0.21,0.26,11.7,0.038,61,152,0.99523,3.02,0.56,10.5,5
1,8.2,1.33,0,1.7,0.081,3,12,0.9964,3.53,0.49,10.9,3
0,6.2,0.23,0.23,1.2,0.018,18,128,0.99178,3.05,0.28,10.6,3
1,7.1,0.6,0.01,2.3,0.079,24,37,0.99514,3.4,0.61,10.9,4
0,6.7,0.24,0.33,12.3,0.046,31,145,0.9983,3.36,0.4,9.5,3
0,6.2,0.22,0.28,2.2,0.04,24,125,0.9917,3.19,0.48,10.5,4
0,6.5,0.39,0.35,1.6,0.049,10,164,0.99516,3.35,0.51,9.7,3
0,6.9,0.2,0.41,1.1,0.06,36,104,0.99317,2.99,0.39,9.2,3
0,6.8,0.16,0.36,1.3,0.034,32,98,0.99058,3.02,0.58,11.3,4
0,7.2,0.25,0.19,8,0.044,51,172,0.9964,3.16,0.44,9.2,3
0,8.2,0.37,0.64,13.9,0.043,22,171,0.99873,2.99,0.8,9.3,3
1,10.9,0.39,0.47,1.8,0.118,6,14,0.9982,3.3,0.75,9.8,4
0,6.9,0.25,0.29,2.4,0.038,28,76,0.99088,3.01,0.36,11.7,5
0,7.4,0.16,0.27,15.5,0.05,25,135,0.9984,2.9,0.43,8.7,5
0,7.7,0.39,0.34,10,0.056,35,178,0.9974,3.26,0.6,10.2,3
1,6.1,0.32,0.25,1.8,0.086,5,32,0.99464,3.36,0.44,10.1,3
0,8,0.24,0.36,1.5,0.047,17,129,0.9948,3.2,0.54,10,4
0,6.8,0.19,0.4,9.85,0.055,41,103,0.99532,2.98,0.56,10.5,4
0,5.6,0.41,0.24,1.9,0.034,10,53,0.98815,3.32,0.5,13.5,5
0,5.8,0.32,0.38,4.75,0.033,23,94,0.991,3.42,0.42,11.8,5
1,7.1,0.36,0.3,1.6,0.08,35,70,0.99693,3.44,0.5,9.4,3
0,7.1,0.23,0.28,1.9,0.046,33,103,0.98997,3.12,0.31,12,3
0,6.8,0.27,0.22,17.8,0.034,16,116,0.9989,3.07,0.53,9.2,3
1,6.7,1.04,0.08,2.3,0.067,19,32,0.99648,3.52,0.57,11,2
0,7.4,0.33,0.26,15.6,0.049,67,210,0.99907,3.06,0.68,9.5,3
0,5.7,0.26,0.24,17.8,0.059,23,124,0.99773,3.3,0.5,10.1,3
0,5.8,0.27,0.2,14.95,0.044,22,179,0.9962,3.37,0.37,10.2,3
0,7.4,0.23,0.38,8.6,0.052,41,150,0.99534,3.06,0.46,10.3,3
0,7.2,0.21,0.34,1.1,0.046,25,80,0.992,3.25,0.4,11.3,4
1,8.3,0.625,0.2,1.5,0.08,27,119,0.9972,3.16,1.12,9.1,2
0,6.5,0.22,0.19,4.5,0.096,16,115,0.9937,3.02,0.44,9.6,3
0,7.5,0.22,0.29,4.8,0.05,33,87,0.994,3.14,0.42,9.9,3
0,6.2,0.3,0.2,6.6,0.045,42,170,0.9944,3.36,0.45,10.4,4
0,7.6,0.18,0.46,10.2,0.055,58,135,0.9968,3.14,0.43,9.9,4
0,7.1,0.31,0.25,11.2,0.048,32,136,0.99663,3.14,0.4,9.5,3
1,10.5,0.51,0.64,2.4,0.107,6,15,0.9973,3.09,0.66,11.8,5
0,7.6,0.28,0.17,1.6,0.046,28,117,0.99288,3.08,0.43,10,3
1,7.5,0.64,0,2.4,0.077,18,29,0.9965,3.32,0.6,10,4
0,7.4,0.33,0.44,7.6,0.05,40,227,0.99679,3.12,0.52,9,3
0,5.4,0.46,0.15,2.1,0.026,29,130,0.98953,3.39,0.77,13.4,6
0,6.2,0.3,0.21,1.1,0.032,31,111,0.9889,2.97,0.42,12.2,4
0,7,0.14,0.49,5.9,0.053,22,118,0.9954,3.36,0.36,9.4,4
1,8.7,0.52,0.09,2.5,0.091,20,49,0.9976,3.34,0.86,10.6,5
0,6.1,0.28,0.24,19.95,0.074,32,174,0.99922,3.19,0.44,9.3,4
0,8,0.37,0.32,1.6,0.04,32,166,0.992,3,0.55,11.3,5
1,8.2,0.635,0.1,2.1,0.073,25,60,0.99638,3.29,0.75,10.9,4
1,9.3,0.43,0.44,1.9,0.085,9,22,0.99708,3.28,0.55,9.5,3
1,6.1,0.48,0.09,1.7,0.078,18,30,0.99402,3.45,0.54,11.2,4
1,6.4,0.64,0.21,1.8,0.081,14,31,0.99689,3.59,0.66,9.8,3
0,6.5,0.18,0.31,1.7,0.044,30,127,0.9928,3.49,0.5,10.2,5
0,6.9,0.29,0.25,12.2,0.04,29,136,0.99552,3.05,0.65,10.4,4
0,7.8,0.28,0.32,9,0.036,34,115,0.9952,3.17,0.39,10.3,5
0,6.8,0.21,0.27,18.15,0.042,41,146,1.0001,3.3,0.36,8.7,3
0,6.4,0.21,0.3,5.6,0.044,43,160,0.9949,3.6,0.41,10.6,4
0,7.2,0.14,0.35,1.2,0.036,15,73,0.9938,3.46,0.39,9.9,3
1,8.4,0.745,0.11,1.9,0.09,16,63,0.9965,3.19,0.82,9.6,3
0,7.5,0.38,0.29,4.9,0.021,38,113,0.99026,3.08,0.48,13,5
0,6.6,0.41,0.24,4.9,0.158,47,144,0.99471,3.17,0.49,9.4,3
1,10.2,0.54,0.37,15.4,0.214,55,95,1.00369,3.18,0.77,9,4
1,11.3,0.36,0.66,2.4,0.123,3,8,0.99642,3.2,0.53,11.9,4
0,5.3,0.36,0.27,6.3,0.028,40,132,0.99186,3.37,0.4,11.6,4
0,7.6,0.31,0.23,12.7,0.054,20,139,0.99836,3.16,0.5,9.7,2
1,5.1,0.47,0.02,1.3,0.034,18,44,0.9921,3.9,0.62,12.8,4
0,5.3,0.3,0.3,1.2,0.029,25,93,0.98742,3.31,0.4,13.6,5
1,7.2,0.605,0.02,1.9,0.096,10,31,0.995,3.46,0.53,11.8,4
1,7.9,0.34,0.42,2,0.086,8,19,0.99546,3.35,0.6,11.4,4
0,7.2,0.27,0.28,15.2,0.046,6,41,0.99665,3.17,0.39,10.9,4
0,6.7,0.27,0.33,3.6,0.034,9,45,0.99144,3.08,0.4,10.5,4
0,6.9,0.32,0.26,8.3,0.053,32,180,0.9965,3.25,0.51,9.2,4
0,6.4,0.31,0.5,5.8,0.038,42,111,0.99189,3.18,0.53,11.9,5
0,6.5,0.32,0.12,11.5,0.033,35,165,0.9974,3.22,0.32,9,3
0,6.5,0.23,0.39,1.9,0.036,41,98,0.99,3.19,0.43,11.9,5
0,6.4,0.15,0.31,1.1,0.044,25,96,0.9932,3.54,0.51,10.3,4
0,6.1,0.28,0.27,4.7,0.03,56,140,0.99042,3.16,0.42,12.5,6
0,9.8,0.16,0.46,1.8,0.046,23,130,0.99587,3.04,0.67,9.6,3
1,11.8,0.38,0.55,2.1,0.071,5,19,0.9986,3.11,0.62,10.8,4
1,6.4,0.36,0.53,2.2,0.23,19,35,0.9934,3.37,0.93,12.4,4
0,6.3,0.255,0.37,1.1,0.04,37,114,0.9905,3,0.39,10.9,4
0,6.9,0.25,0.3,4.1,0.054,23,116,0.994,2.99,0.38,9.4,4
0,7.8,0.26,0.44,1.3,0.037,43,132,0.9944,3.18,0.65,10,3
0,6.3,0.48,0.48,1.8,0.035,35,96,0.99121,3.49,0.74,12.2,4
1,10,0.26,0.54,1.9,0.083,42,74,0.99451,2.98,0.63,11.8,6
0,7.4,0.27,0.28,1.8,0.04,45,121,0.99043,3.02,0.4,11.9,3
1,7.9,0.69,0.21,2.1,0.08,33,141,0.9962,3.25,0.51,9.9,3
0,6.8,0.19,0.36,1.9,0.035,30,96,0.9917,3.15,0.54,10.8,5
0,10.3,0.25,0.48,2.2,0.042,28,164,0.998,3.19,0.59,9.7,3
0,6.3,0.32,0.32,1.5,0.037,12,76,0.98993,3.3,0.46,12.3,4
0,6.3,0.33,0.2,5.8,0.04,24,144,0.99425,3.15,0.63,9.9,3
0,6.8,0.25,0.18,1.4,0.056,13,137,0.9935,3.11,0.42,9.5,3
0,7.5,0.25,0.32,8.2,0.024,53,209,0.99563,3.12,0.46,10.8,4
0,6.8,0.18,0.28,9.8,0.039,29,113,0.99406,3.11,0.45,10.9,5
0,8.7,0.31,0.73,14.35,0.044,27,191,1.00013,2.96,0.88,8.7,3
1,7.8,0.815,0.01,2.6,0.074,48,90,0.99621,3.38,0.62,10.8,3
0,7,0.23,0.36,13,0.051,72,177,0.9972,3.16,0.49,9.8,3
0,6.3,0.31,0.34,2.2,0.045,20,77,0.9927,3.3,0.43,10.2,3
1,7.6,0.4,0.29,1.9,0.078,29,66,0.9971,3.45,0.59,9.5,4
0,6.8,0.22,0.41,6.7,0.034,39,116,0.99245,3.18,0.46,11.5,4
0,7.7,0.27,0.35,5.3,0.03,30,117,0.992,3.11,0.42,12.2,4
0,8.1,0.28,0.49,1,0.04,32,148,0.9936,3.13,0.41,10,4
0,7.1,0.23,0.35,16.5,0.04,60,171,0.999,3.16,0.59,9.1,4
0,6.2,0.28,0.28,4.3,0.026,22,105,0.989,2.98,0.64,13.1,6
0,6.3,0.22,0.33,1.7,0.041,67,164,0.9928,3.32,0.56,10.4,4
0,8.2,0.18,0.49,1.1,0.033,28,81,0.9923,3,0.68,10.4,5
1,8.2,0.4,0.44,2.8,0.089,11,43,0.9975,3.53,0.61,10.5,4
1,6.7,0.54,0.13,2,0.076,15,36,0.9973,3.61,0.64,9.8,3
0,6.7,0.2,0.3,1.4,0.025,17,76,0.99104,3.11,0.44,11,4
1,7.9,0.54,0.34,2.5,0.076,8,17,0.99235,3.2,0.72,13.1,6
0,6.8,0.34,0.69,1.3,0.058,12,171,0.9931,3.06,0.47,9.7,3
0,6.2,0.25,0.47,11.6,0.048,62,210,0.9968,3.19,0.5,9.5,3
0,6.5,0.22,0.25,17.1,0.05,44,138,1.0001,3.3,0.37,8.8,3
1,9.1,0.22,0.24,2.1,0.078,1,28,0.999,3.41,0.87,10.3,4
0,7.6,0.26,0.32,1.3,0.048,23,76,0.9903,2.96,0.46,12,4
0,7,0.14,0.4,1.7,0.035,16,85,0.9911,3.19,0.42,11.8,4
1,9.3,0.39,0.4,2.6,0.073,10,26,0.9984,3.34,0.75,10.2,4
0,8.3,0.49,0.43,2.5,0.036,32,116,0.9944,3.23,0.47,10.7,4
0,6.7,0.18,0.3,6.4,0.048,40,251,0.9956,3.29,0.52,10,3
0,6.4,0.14,0.31,1.2,0.034,53,138,0.99084,3.38,0.35,11.5,5
0,6.4,0.31,0.27,7.4,0.049,48,169,0.99323,3.27,0.45,11.1,4
0,5.9,0.24,0.28,1.3,0.032,36,95,0.98889,3.08,0.64,12.9,5
0,6.2,0.32,0.16,7,0.045,30,136,0.9949,3.18,0.47,9.6,4
0,7.7,0.28,0.24,2.4,0.044,29,157,0.99312,3.27,0.56,10.6,4
0,6.6,0.22,0.53,15.1,0.052,22,136,0.9986,2.94,0.35,9.4,3
0,6.8,0.18,0.28,8.5,0.047,52,242,0.9952,3.22,0.53,10.5,4
1,8.3,0.78,0.1,2.6,0.081,45,87,0.9983,3.48,0.53,10,3
0,6.2,0.36,0.45,10.4,0.06,22,184,0.99711,3.31,0.56,9.8,4
1,9.8,0.66,0.39,3.2,0.083,21,59,0.9989,3.37,0.71,11.5,5
1,8.9,0.35,0.4,3.6,0.11,12,24,0.99549,3.23,0.7,12,5
0,7.5,0.305,0.38,1.4,0.047,30,95,0.99158,3.22,0.52,11.5,5
1,9.6,0.41,0.37,2.3,0.091,10,23,0.99786,3.24,0.56,10.5,3
0,7,0.35,0.24,1.9,0.04,21,144,0.9923,3.35,0.38,11,3
0,7.8,0.21,0.39,1.8,0.034,62,180,0.991,3.09,0.75,12.6,6
1,6,0.51,0,2.1,0.064,40,54,0.995,3.54,0.93,10.7,4
0,6.9,0.3,0.21,15.7,0.056,49,159,0.99827,3.11,0.48,9,3
1,6.3,0.6,0.1,1.6,0.048,12,26,0.99306,3.55,0.51,12.1,3
0,6.3,0.3,0.24,6.6,0.04,38,141,0.995,3.22,0.47,9.5,3
0,6.6,0.19,0.43,10.9,0.045,53,154,0.99752,3.52,0.77,10.4,4
0,8.5,0.16,0.35,1.6,0.039,24,147,0.9935,2.96,0.36,10,3
0,8.6,0.31,0.3,0.9,0.045,16,109,0.99249,2.95,0.39,10.1,3
0,5.6,0.18,0.58,1.25,0.034,29,129,0.98984,3.51,0.6,12,5
0,9.2,0.32,0.42,1.3,0.046,14,186,0.9949,3.08,0.48,9.6,3
0,5.8,0.29,0.21,2.6,0.025,12,120,0.9894,3.39,0.79,14,5
1,7.5,0.71,0,1.6,0.092,22,31,0.99635,3.38,0.58,10,4
0,8.1,0.2,0.28,0.9,0.023,49,87,0.99062,2.92,0.36,11.1,4
0,5.5,0.485,0,1.5,0.065,8,103,0.994,3.63,0.4,9.7,2
0,7.4,0.64,0.47,14.15,0.168,42,185,0.9984,2.9,0.49,9.3,3
0,7.4,0.19,0.3,12.8,0.053,48.5,229,0.9986,3.14,0.49,9.1,5
0,6.8,0.18,0.28,9.8,0.039,29,113,0.99406,3.11,0.45,10.9,5
0,4.7,0.145,0.29,1,0.042,35,90,0.9908,3.76,0.49,11.3,4
0,7.6,0.3,0.37,1.6,0.087,27,177,0.99438,3.09,0.5,9.8,3
1,6.4,0.67,0.08,2.1,0.045,19,48,0.9949,3.49,0.49,11.4,4
0,6.2,0.32,0.5,6.5,0.048,61,186,0.9948,3.19,0.45,9.6,3
0,6.6,0.26,0.56,15.4,0.053,32,141,0.9981,3.11,0.49,9.3,3
0,6.3,0.35,0.26,17.6,0.061,59,198,0.99918,3.11,0.49,8.8,3
1,7,0.6,0.3,4.5,0.068,20,110,0.99914,3.3,1.17,10.2,3
1,6.2,0.45,0.2,1.6,0.069,3,15,0.9958,3.41,0.56,9.2,3
0,8.4,0.18,0.42,5.1,0.036,7,77,0.9939,3.16,0.52,11.7,3
1,6.4,0.57,0.02,1.8,0.067,4,11,0.997,3.46,0.68,9.5,3
1,7,0.43,0.3,2,0.085,6,39,0.99346,3.33,0.46,11.9,4
0,6.2,0.2,0.33,5.4,0.028,21,75,0.99012,3.36,0.41,13.5,5
0,6,0.19,0.26,12.4,0.048,50,147,0.9972,3.3,0.36,8.9,4
0,6.3,0.16,0.4,1.6,0.033,59,148,0.9914,3.44,0.53,11.4,3
0,6.9,0.615,0.42,12,0.067,24,131,0.99727,3.19,0.34,9.3,3
1,8,0.6,0.22,2.1,0.08,25,105,0.99613,3.3,0.49,9.9,3
0,6.6,0.32,0.26,7.7,0.054,56,209,0.9961,3.17,0.45,8.8,3
0,6.1,0.2,0.34,9.5,0.041,38,201,0.995,3.14,0.44,10.1,1
0,6,0.33,0.2,1.8,0.031,49,159,0.9919,3.41,0.53,11,4
0,6.1,0.19,0.25,4,0.023,23,112,0.9923,3.37,0.51,11.6,4
0,8,0.18,0.49,1.8,0.061,10,145,0.9942,3.23,0.48,10,3
0,9.2,0.71,0.23,6.2,0.042,15,93,0.9948,2.89,0.34,10.1,4
1,7.6,0.36,0.31,1.7,0.079,26,65,0.99716,3.46,0.62,9.5,4
1,10.5,0.28,0.51,1.7,0.08,10,24,0.9982,3.2,0.89,9.4,4
1,8.8,0.27,0.39,2,0.1,20,27,0.99546,3.15,0.69,11.2,4
1,7.7,0.54,0.26,1.9,0.089,23,147,0.99636,3.26,0.59,9.7,3
0,7.1,0.47,0.29,14.8,0.024,22,142,0.99518,3.12,0.48,12,6
1,5.6,0.66,0,2.2,0.087,3,11,0.99378,3.71,0.63,12.8,5
0,6.2,0.27,0.47,1.2,0.146,28,105,0.99224,3.23,0.51,10.1,3
1,7.7,0.62,0.04,3.8,0.084,25,45,0.9978,3.34,0.53,9.5,3
1,7.8,0.88,0,2.6,0.098,25,67,0.9968,3.2,0.68,9.8,3
0,6.5,0.18,0.33,1.4,0.029,35,138,0.99114,3.36,0.6,11.5,5
1,7.4,0.53,0.12,1.9,0.165,4,12,0.99702,3.26,0.86,9.2,3
0,8.5,0.3,0.28,3.1,0.054,54,174,0.99543,3.21,0.43,9.4,4
0,6.9,0.29,0.4,19.45,0.043,36,156,0.9996,2.93,0.47,8.9,3
0,6.2,0.38,0.42,2.5,0.038,34,117,0.99132,3.36,0.59,11.6,5
0,6.9,0.3,0.36,4.5,0.054,31,203,0.99513,3.4,0.57,10.4,2
0,8.8,0.24,0.23,10.3,0.032,12,97,0.99571,3.13,0.4,10.7,4
0,6.4,0.24,0.26,8.2,0.054,47,182,0.99538,3.12,0.5,9.5,3
0,8.4,0.29,0.29,1.05,0.032,4,55,0.9908,2.91,0.32,11.4,2
0,6.5,0.36,0.49,2.9,0.03,16,94,0.9902,3.1,0.49,12.1,5
1,7.5,0.55,0.24,2,0.078,10,28,0.9983,3.45,0.78,9.5,4
0,6.5,0.43,0.28,12,0.056,23,174,0.9986,3.31,0.55,9.3,3
0,7,0.28,0.32,7.75,0.032,30,114,0.99158,3.12,0.64,12.8,5
0,6.5,0.36,0.32,1.1,0.031,13,66,0.9916,3.1,0.46,10.6,3
0,7.8,0.3,0.29,16.85,0.054,23,135,0.9998,3.16,0.38,9,4
0,5.6,0.34,0.1,1.3,0.031,20,68,0.9906,3.36,0.51,11.2,5
1,11.3,0.62,0.67,5.2,0.086,6,19,0.9988,3.22,0.69,13.4,6
0,7.7,0.18,0.35,5.8,0.055,25,144,0.99576,3.24,0.54,10.2,4
1,9.6,0.56,0.23,3.4,0.102,37,92,0.9996,3.3,0.65,10.1,3
0,6.7,0.28,0.34,8.9,0.048,32,111,0.99455,3.25,0.54,11,5
0,7.8,0.32,0.31,1.7,0.036,46,195,0.993,3.03,0.48,10.5,3
1,8.6,0.52,0.38,1.5,0.096,5,18,0.99666,3.2,0.52,9.4,3
0,5.9,0.27,0.29,11.4,0.036,31,115,0.9949,3.35,0.48,10.5,6
0,8,0.43,0.4,12.4,0.168,29,190,0.9991,3.07,0.64,9.2,3
0,6.7,0.43,0.23,5,0.157,49,145,0.99471,3.17,0.49,9.4,3
0,6.8,0.25,0.27,10.7,0.076,47,154,0.9967,3.05,0.38,9,3
0,6.1,0.255,0.44,12.3,0.045,53,197,0.9967,3.24,0.54,9.5,4
0,5.3,0.275,0.24,7.4,0.038,28,114,0.99313,3.38,0.51,11,4
0,6.2,0.45,0.73,7.2,0.099,47,202,0.99582,3.21,0.43,9.2,3
1,6.8,0.56,0.22,1.8,0.074,15,24,0.99438,3.4,0.82,11.2,4
0,7.4,0.29,0.48,12.8,0.037,61.5,182,0.99808,3.02,0.34,8.8,3
0,6.4,0.32,0.27,4.9,0.034,18,122,0.9916,3.36,0.71,12.5,4
0,6.4,0.22,0.38,9.1,0.044,35,127,0.99326,2.97,0.3,11,5
0,6.4,0.35,0.28,12.6,0.039,19,124,0.99539,3.2,0.43,10.6,4
1,7.7,0.28,0.3,2,0.062,18,34,0.9952,3.28,0.9,11.3,5
0,5.9,0.24,0.3,2,0.033,28,92,0.99225,3.39,0.69,10.9,5
0,6.4,0.23,0.26,8.1,0.054,47,181,0.9954,3.12,0.49,9.4,3
0,7,0.11,0.32,4.6,0.057,59,144,0.9956,3.55,0.44,9.4,5
0,6.7,0.39,0.31,2.7,0.054,27,202,0.9948,3.46,0.57,10.5,4
0,6.4,0.28,0.41,6.8,0.045,61,216,0.9952,3.09,0.46,9.4,3
0,6.3,0.18,0.24,3.4,0.053,20,119,0.99373,3.11,0.52,9.2,4
0,6.7,0.24,0.36,8.4,0.042,42,123,0.99473,3.34,0.52,10.9,4
0,7,0.26,0.59,1.4,0.037,40,120,0.9918,3.34,0.41,11.1,5
1,6.8,0.63,0.07,2.1,0.089,11,44,0.9953,3.47,0.55,10.4,4
0,5.6,0.175,0.29,0.8,0.043,20,67,0.99112,3.28,0.48,9.9,4
0,6,0.14,0.37,1.2,0.032,63,148,0.99185,3.32,0.44,11.2,3
0,6.6,0.22,0.58,1.1,0.133,52,136,0.9932,3.1,0.3,9.1,3
1,12.6,0.41,0.54,2.8,0.103,19,41,0.99939,3.21,0.76,11.3,4
0,6.4,0.34,0.2,14.9,0.06,37,162,0.9983,3.13,0.45,9,2
0,6.8,0.17,0.36,1.4,0.036,38,108,0.99006,3.19,0.66,12,4
0,7.5,0.32,0.49,1.7,0.031,44,109,0.9906,3.07,0.46,12.5,4
1,8.5,0.37,0.32,1.8,0.066,26,51,0.99456,3.38,0.72,11.8,4
0,7.6,0.2,0.26,4.5,0.086,37,133,0.9963,3.15,0.42,9.2,3
0,7.5,0.27,0.36,7,0.036,45,164,0.9939,3.03,0.33,11,3
0,6.5,0.32,0.23,8.5,0.051,20,138,0.9943,3.03,0.42,10.7,3
0,6.4,0.17,0.32,2.4,0.048,41,200,0.9938,3.5,0.5,9.7,4
0,7.6,0.3,0.25,4.3,0.054,22,111,0.9956,3.12,0.49,9.2,3
0,7.4,0.2,0.37,16.95,0.048,43,190,0.9995,3.03,0.42,9.2,4
0,5.9,0.29,0.25,12,0.057,48,224,0.9981,3.23,0.41,9,4
0,6.9,0.22,0.32,5.8,0.041,20,119,0.99296,3.17,0.55,11.2,4
0,5.8,0.26,0.18,1.2,0.031,40,114,0.9908,3.42,0.4,11,5
0,5.5,0.16,0.22,4.5,0.03,30,102,0.9938,3.24,0.36,9.4,4
0,8.6,0.34,0.36,1.4,0.045,11,119,0.99556,3.17,0.47,9.4,2
0,6.3,0.3,0.91,8.2,0.034,50,199,0.99394,3.39,0.49,11.7,4
0,7.3,0.655,0.2,10.2,0.071,28,212,0.9971,2.96,0.58,9.2,4
0,7,0.27,0.32,6.8,0.047,47,193,0.9938,3.23,0.39,11.4,4
0,6.1,0.3,0.56,2.7,0.046,46,184,0.9924,3.31,0.57,10.9,4
0,6.9,0.19,0.35,13.5,0.038,49,118,0.99546,3,0.63,10.7,4
0,6.2,0.255,0.27,1.3,0.037,30,86,0.98834,3.05,0.59,12.9,5
0,6,0.17,0.49,1,0.034,26,106,0.992,3.21,0.42,9.8,4
1,7.1,0.72,0,1.8,0.123,6,14,0.99627,3.45,0.58,9.8,3
1,6.1,0.38,0.15,1.8,0.072,6,19,0.9955,3.42,0.57,9.4,3
0,6.7,0.17,0.42,10.4,0.038,85,182,0.99628,3.04,0.44,8.9,4
0,7,0.32,0.34,1.3,0.042,20,69,0.9912,3.31,0.65,12,5
0,6.8,0.18,0.3,12.8,0.062,19,171,0.99808,3,0.52,9,5
0,9.9,1.005,0.46,1.4,0.046,34,185,0.9966,3.02,0.49,10.2,2
0,8.3,0.16,0.37,7.9,0.025,38,107,0.99306,2.93,0.37,11.9,4
0,6.2,0.2,0.26,1.1,0.047,42,119,0.99158,3.48,0.6,11,5
0,5,0.33,0.16,1.5,0.049,10,97,0.9917,3.48,0.44,10.7,4
0,7.1,0.26,0.37,5.5,0.025,31,105,0.99082,3.06,0.33,12.6,6
1,7.9,0.3,0.68,8.3,0.05,37.5,289,0.99316,3.01,0.51,12.3,5
0,6.6,0.24,0.28,1.8,0.028,39,132,0.99182,3.34,0.46,11.4,3
1,10.2,0.36,0.64,2.9,0.122,10,41,0.998,3.23,0.66,12.5,4
1,8.1,0.67,0.55,1.8,0.117,32,141,0.9968,3.17,0.62,9.4,3
1,6.7,0.46,0.24,1.7,0.077,18,34,0.9948,3.39,0.6,10.6,4
0,7.9,0.25,0.34,11.4,0.04,53,202,0.99708,3.11,0.57,9.6,4
1,7.8,0.63,0.48,1.7,0.1,14,96,0.9961,3.19,0.62,9.5,3
0,7.4,0.19,0.3,12.8,0.053,48.5,229,0.9986,3.14,0.49,9.1,5
0,6,0.28,0.27,15.5,0.036,31,134,0.99408,3.19,0.44,13,5
0,7.7,0.28,0.63,11.1,0.039,58,179,0.9979,3.08,0.44,8.8,2
0,7.3,0.34,0.3,9.4,0.057,34,178,0.99554,3.15,0.44,10.4,4
0,6.9,0.2,0.28,1.2,0.048,36,159,0.9936,3.19,0.43,9.1,4
1,8.2,0.43,0.29,1.6,0.081,27,45,0.99603,3.25,0.54,10.3,3
0,6.7,0.3,0.44,18.75,0.057,65,224,0.99956,3.11,0.53,9.1,3
0,5,0.35,0.25,7.8,0.031,24,116,0.99241,3.39,0.4,11.3,4
0,8.1,0.26,0.3,7.8,0.049,39,152,0.9954,2.99,0.58,10,4
0,5.7,0.43,0.3,5.7,0.039,24,98,0.992,3.54,0.61,12.3,5
0,6.1,0.17,0.42,15.1,0.033,28,124,0.99684,2.87,0.47,9.5,3
0,6.1,0.125,0.25,3.3,0.04,10,69,0.9934,3.54,0.59,10.1,4
0,5.9,0.25,0.24,7.4,0.044,21,113,0.99462,3.38,0.58,10.5,4
1,7.6,0.51,0.15,2.8,0.11,33,73,0.9955,3.17,0.63,10.2,4
0,6.7,0.54,0.27,7.1,0.049,8,178,0.99502,3.16,0.38,9.4,2
0,8.9,0.33,0.34,1.4,0.056,14,171,0.9946,3.13,0.47,9.7,3
0,6.7,0.17,0.27,1.4,0.032,39,149,0.99254,3.4,0.52,10.5,3
1,6.9,0.67,0.06,2.1,0.08,8,33,0.99845,3.68,0.71,9.6,3
1,8.3,0.85,0.14,2.5,0.093,13,54,0.99724,3.36,0.54,10.1,3
1,12.8,0.3,0.74,2.6,0.095,9,28,0.9994,3.2,0.77,10.8,5
0,8.4,0.27,0.3,2.2,0.037,36,129,0.99085,2.89,0.3,11.46666667,4
1,8.5,0.18,0.51,1.75,0.071,45,88,0.99524,3.33,0.76,11.8,5
0,9.1,0.27,0.45,10.6,0.035,28,124,0.997,3.2,0.46,10.4,7
0,6.5,0.25,0.45,7.8,0.048,52,188,0.99576,3.2,0.53,9.1,3
0,7.2,0.21,0.36,15.7,0.045,68,183,0.99922,3.25,0.76,9.4,3
0,6.2,0.25,0.28,8.5,0.035,28,108,0.99486,3.4,0.42,10.4,4
1,7.2,0.38,0.31,2,0.056,15,29,0.99472,3.23,0.76,11.3,6
0,5.2,0.44,0.04,1.4,0.036,43,119,0.9894,3.36,0.33,12.1,6
0,6.9,0.3,0.25,3.3,0.041,26,124,0.99428,3.18,0.5,9.3,4
1,8.3,0.34,0.4,2.4,0.065,24,48,0.99554,3.34,0.86,11,4
0,6.5,0.32,0.12,11.5,0.033,35,165,0.9974,3.22,0.32,9,3
0,7.1,0.14,0.35,1.4,0.039,24,128,0.99212,2.97,0.68,10.4,3
0,8,0.22,0.42,14.6,0.044,45,163,1.0003,3.21,0.69,8.6,5
0,6.9,0.3,0.36,0.9,0.037,40,156,0.98968,3.08,0.36,12.1,4
1,9.7,0.32,0.54,2.5,0.094,28,83,0.9984,3.28,0.82,9.6,3
1,7.1,0.66,0,3.9,0.086,17,45,0.9976,3.46,0.54,9.5,3
0,6.7,0.46,0.27,5.2,0.039,35,96,0.99129,3.16,0.44,12.4,5
0,7.9,0.255,0.26,2,0.026,40,190,0.9932,3.04,0.39,11.2,4
0,7.2,0,0.63,11,0.044,55,156,0.9974,3.09,0.44,8.7,4
1,8,0.52,0.25,2,0.078,19,59,0.99612,3.3,0.48,10.2,3
0,8.1,0.5,0.47,1.1,0.037,23,126,0.9938,3.21,0.42,10.9,3
0,6.3,0.23,0.22,3.75,0.039,37,116,0.9927,3.23,0.5,10.7,4
0,6.5,0.3,0.29,2.25,0.037,8,210,0.9937,3.19,0.62,9.9,3
0,7.4,0.19,0.49,9.3,0.03,26,132,0.994,2.99,0.32,11,5
0,6.5,0.27,0.19,6.6,0.045,98,175,0.99364,3.16,0.34,10.1,4
0,5.1,0.29,0.28,8.3,0.026,27,107,0.99308,3.36,0.37,11,4
0,7.6,0.21,0.44,1.9,0.036,10,119,0.9913,3.01,0.7,12.8,4
1,8.4,0.6,0.1,2.2,0.085,14,111,0.9964,3.15,0.66,9.8,3
0,7.7,0.3,0.23,2,0.068,28,138,0.99382,3.11,0.62,9.8,3
0,7.8,0.15,0.34,1.1,0.035,31,93,0.99096,3.07,0.72,11.3,5
0,9.4,0.24,0.29,8.5,0.037,124,208,0.99395,2.9,0.38,11,1
0,6.6,0.78,0.5,1.5,0.045,30,133,0.99104,3.25,0.48,11.7,3
1,6.9,0.635,0.17,2.4,0.241,6,18,0.9961,3.4,0.59,10.3,4
0,8.1,0.26,0.33,11.1,0.052,52.5,158,0.9976,3.03,0.49,10.2,5
0,7,0.27,0.74,1.5,0.036,27,122,0.9926,3.35,0.48,11.2,4
0,6.1,0.2,0.4,1.9,0.028,32,138,0.9914,3.26,0.72,11.7,3
1,9,0.44,0.49,2.4,0.078,26,121,0.9978,3.23,0.58,9.2,3
0,7.2,0.24,0.3,1.2,0.037,11,95,0.98914,2.96,0.36,12.5,4
0,6.8,0.26,0.33,1.5,0.047,44,167,0.9928,3.12,0.44,10.5,4
0,6.6,0.22,0.3,14.7,0.045,50,136,0.99704,3.14,0.37,10.6,4
0,6.3,0.34,0.27,2.5,0.024,40,152,0.99095,3.35,0.6,11.9,5
0,6.2,0.24,0.28,12.2,0.049,54,133,0.9952,3.19,0.37,10.7,4
0,6.3,0.34,0.33,4.6,0.034,19,80,0.9917,3.38,0.58,12,5
0,6.8,0.26,0.24,7.8,0.052,54,214,0.9961,3.13,0.47,8.9,3
1,8,0.59,0.05,2,0.089,12,32,0.99735,3.36,0.61,10,3
0,5.9,0.28,0.39,1.4,0.031,47,147,0.98836,3.08,0.64,12.9,5
0,6.4,0.18,0.32,9.6,0.052,24,90,0.9963,3.35,0.49,9.4,4
0,5.7,0.21,0.37,4.5,0.04,58,140,0.99332,3.29,0.62,10.6,4
0,6.6,0.56,0.15,10,0.037,38,157,0.99642,3.28,0.52,9.4,3
0,5.9,0.26,0.25,12.5,0.034,38,152,0.9977,3.33,0.43,9.4,3
0,6.9,0.3,0.49,7.6,0.057,25,156,0.9962,3.43,0.63,11,5
0,5,0.55,0.14,8.3,0.032,35,164,0.9918,3.53,0.51,12.5,6
0,6.6,0.25,0.51,8,0.047,61,189,0.99604,3.22,0.49,9.2,3
1,7.4,0.68,0.16,1.8,0.078,12,39,0.9977,3.5,0.7,9.9,4
0,6.6,0.28,0.3,7.8,0.049,57,202,0.9958,3.24,0.39,9.5,3
1,7.1,0.6,0,1.8,0.074,16,34,0.9972,3.47,0.7,9.9,4
0,6.2,0.26,0.32,15.3,0.031,64,185,0.99835,3.31,0.61,9.4,3
0,6.7,0.15,0.29,5,0.058,28,105,0.9946,3.52,0.44,10.2,5
0,6,0.28,0.35,1.9,0.037,16,120,0.9933,3.16,0.69,10.6,3
1,7.4,0.58,0,2,0.064,7,11,0.99562,3.45,0.58,11.3,4
1,8.9,0.22,0.48,1.8,0.077,29,60,0.9968,3.39,0.53,9.4,4
0,7.4,0.24,0.31,8.4,0.045,52,183,0.9963,3.09,0.32,8.8,3
1,10.2,0.33,0.46,1.9,0.081,6,9,0.99628,3.1,0.48,10.4,4
0,6.2,0.37,0.24,6.1,0.032,19,86,0.98934,3.04,0.26,13.4,6
1,9.2,0.63,0.21,2.7,0.097,29,65,0.9988,3.28,0.58,9.6,3
0,6.3,0.27,0.38,0.9,0.051,7,140,0.9926,3.45,0.5,10.5,5
0,7.4,0.35,0.31,17.95,0.062,42,187,1.0002,3.27,0.64,9.1,3
0,6.9,0.19,0.33,1.6,0.043,63,149,0.9925,3.44,0.52,10.8,3
0,6.2,0.46,0.25,4.4,0.066,62,207,0.9939,3.25,0.52,9.8,3
0,6.7,0.31,0.3,2.4,0.038,30,83,0.98867,3.09,0.36,12.8,5
0,6.4,0.22,0.3,11.2,0.046,53,149,0.99479,3.21,0.34,10.8,3
0,7.4,0.17,0.4,5.5,0.037,34,161,0.9935,3.05,0.62,11.5,2
1,7,0.69,0,1.9,0.114,3,10,0.99636,3.35,0.6,9.7,4
1,7.8,0.56,0.19,1.8,0.104,12,47,0.9964,3.19,0.93,9.5,3
1,7,0.685,0,1.9,0.067,40,63,0.9979,3.6,0.81,9.9,3
0,6.3,0.4,0.24,5.1,0.036,43,131,0.99186,3.24,0.44,11.3,4
0,6,0.16,0.37,1.5,0.025,43,117,0.9928,3.46,0.51,9.7,4
1,10.5,0.43,0.35,3.3,0.092,24,70,0.99798,3.21,0.69,10.5,4
0,6.7,0.18,0.19,4.7,0.046,57,161,0.9946,3.32,0.66,10.5,4
1,9.5,0.78,0.22,1.9,0.077,6,32,0.9988,3.26,0.56,10.6,4
1,6.2,0.46,0.17,1.6,0.073,7,11,0.99425,3.61,0.54,11.4,3
1,7,0.51,0.09,2.1,0.062,4,9,0.99584,3.35,0.54,10.5,3
1,6.9,0.54,0.04,3,0.077,7,27,0.9987,3.69,0.91,9.4,4
0,6.7,0.29,0.45,14.3,0.054,30,181,0.99869,3.14,0.57,9.1,3
0,6,0.31,0.38,4.8,0.04,41,101,0.98968,3.24,0.56,13.1,4
0,8.1,0.5,0.47,1.1,0.037,23,126,0.9938,3.21,0.42,10.9,3
0,9.6,0.655,0.21,2,0.039,21,120,0.99188,3,1,12.6,4
0,8.8,0.19,0.3,5,0.028,34,120,0.99242,2.94,0.47,11.2,3
0,7.9,0.345,0.51,15.3,0.047,54,171,0.9987,3.09,0.51,9.1,3
0,6.3,0.41,0.33,4.7,0.023,28,110,0.991,3.3,0.38,12.5,5
1,8.2,0.915,0.27,2.1,0.088,7,23,0.9962,3.26,0.47,10,2
1,10.8,0.4,0.41,2.2,0.084,7,17,0.9984,3.08,0.67,9.3,4
0,6.8,0.34,0.74,2.8,0.088,23,185,0.9928,3.51,0.7,12,4
0,6.3,0.3,0.19,7.7,0.049,47,184,0.99514,3.22,0.48,9.5,3
0,7.4,0.32,0.22,11.7,0.035,44,150,0.99578,3.1,0.45,10.4,3
0,8.5,0.17,0.31,1,0.024,13,91,0.993,2.79,0.37,10.1,3
1,9.4,0.27,0.53,2.4,0.074,6,18,0.9962,3.2,1.13,12,5
0,6.7,0.48,0.49,2.9,0.03,28,122,0.98926,3.13,0.4,13,4
0,7.2,0.24,0.3,1.6,0.048,27,131,0.9933,3.25,0.45,10.5,3
0,6.6,0.36,0.47,1.4,0.145,26,124,0.99274,3.09,0.56,10.1,4
0,6.4,0.31,0.4,6.4,0.039,39,191,0.99513,3.14,0.52,9.8,3
0,6.7,0.41,0.24,5.4,0.035,33,115,0.9901,3.12,0.44,12.89333333,5
0,6.1,0.37,0.46,12,0.042,61,210,0.997,3.17,0.59,9.7,4
1,9.2,0.43,0.52,2.3,0.083,14,23,0.9976,3.35,0.61,11.3,4
0,7.1,0.36,0.24,1.8,0.025,32,102,0.9903,3.34,0.59,12.8,4
0,6.4,0.27,0.49,7.3,0.046,53,206,0.9956,3.24,0.43,9.2,4
1,8,0.31,0.45,2.1,0.216,5,16,0.99358,3.15,0.81,12.5,5
0,7.7,0.35,0.46,11.8,0.088,61,183,0.99786,2.86,0.47,9,3
0,6.8,0.28,0.36,7,0.043,60,207,0.99556,3.16,0.49,9.6,4
1,11.1,0.39,0.54,2.7,0.095,21,101,1.0001,3.13,0.51,9.5,3
0,6.5,0.3,0.27,4,0.038,37,97,0.99026,3.2,0.6,12.6,6
1,13.2,0.46,0.52,2.2,0.071,12,35,1.0006,3.1,0.56,9,4
0,7.1,0.44,0.62,11.8,0.044,52,152,0.9975,3.12,0.46,8.7,4
0,7.2,0.26,0.24,7,0.023,19,130,0.99176,3.14,0.49,12.8,5
1,6.9,0.4,0.24,2.5,0.083,30,45,0.9959,3.26,0.58,10,3
0,6.7,0.5,0.36,11.5,0.096,18,92,0.99642,3.11,0.49,9.6,3
0,7,0.15,0.28,14.7,0.051,29,149,0.99792,2.96,0.39,9,5
1,7.9,0.545,0.06,4,0.087,27,61,0.9965,3.36,0.67,10.7,4
0,6.8,0.63,0.04,1.3,0.058,25,133,0.99271,3.17,0.39,10.2,2
0,7.1,0.33,0.3,3.3,0.034,30,102,0.9912,3.08,0.31,12.3,5
1,7.4,0.7,0,1.9,0.076,11,34,0.9978,3.51,0.56,9.4,3
0,6.4,0.45,0.07,1.1,0.03,10,131,0.9905,2.97,0.28,10.8,3
1,9.6,0.38,0.31,2.5,0.096,16,49,0.9982,3.19,0.7,10,5
0,6.4,0.22,0.38,9.1,0.044,35,127,0.99326,2.97,0.3,11,5
0,7,0.23,0.32,1.8,0.048,25,113,0.9915,3.11,0.47,11.1,4
0,4.8,0.34,0,6.5,0.028,33,163,0.9939,3.36,0.61,9.9,4
0,7.8,0.26,0.49,3.2,0.027,28,87,0.9919,3.03,0.32,11.3,5
0,6.6,0.34,0.25,4.8,0.038,16,121,0.99198,3.36,0.71,12.6,4
0,5.7,0.26,0.3,1.8,0.039,30,105,0.98995,3.48,0.52,12.5,5
0,6.9,0.25,0.24,3.6,0.057,13,85,0.9942,2.99,0.48,9.5,2
0,7.7,0.32,0.61,11.8,0.041,66,188,0.99794,3,0.54,9.3,3
0,6.6,0.26,0.28,9.4,0.028,13,121,0.99254,3.17,0.34,12.1,4
0,7.1,0.26,0.49,2.2,0.032,31,113,0.9903,3.37,0.42,12.9,7
0,5.6,0.2,0.22,1.3,0.049,25,155,0.99296,3.74,0.43,10,3
0,6.8,0.44,0.2,16,0.065,61,186,0.99884,3.13,0.45,8.6,3
0,7.3,0.19,0.24,6.3,0.054,34,231,0.9964,3.36,0.54,10,4
0,7.2,0.4,0.49,1.1,0.048,11,138,0.9929,3.01,0.42,9.3,3
0,6.5,0.39,0.81,1.2,0.217,14,74,0.9936,3.08,0.53,9.5,3
0,7,0.19,0.23,5.7,0.123,27,104,0.9954,3.04,0.54,9.4,4
0,7.3,0.19,0.25,1.4,0.051,41,107,0.99382,3.53,0.66,10.5,5
0,7.4,0.28,0.36,1.1,0.028,42,105,0.9893,2.99,0.39,12.4,5
0,6.1,0.14,0.25,1.3,0.047,37,173,0.9925,3.35,0.46,10,4
0,6.9,0.32,0.17,7.6,0.042,69,219,0.9959,3.13,0.4,8.9,3
0,6.6,0.35,0.19,10.5,0.06,15,82,0.99588,3.13,0.38,9.9,2
1,7,0.59,0,1.7,0.052,3,8,0.996,3.41,0.47,10.3,3
0,6.7,0.3,0.5,12.1,0.045,38,127,0.9974,3.04,0.53,8.9,4
1,7.2,0.35,0.26,1.8,0.083,33,75,0.9968,3.4,0.58,9.5,4
0,5.8,0.28,0.27,2.6,0.054,30,156,0.9914,3.53,0.42,12.4,3
0,5.6,0.21,0.4,1.3,0.041,81,147,0.9901,3.22,0.95,11.6,6
0,6.5,0.2,0.35,3.9,0.04,27,140,0.99102,2.98,0.53,11.8,4
1,9.1,0.775,0.22,2.2,0.079,12,48,0.9976,3.18,0.51,9.6,3
0,6.9,0.43,0.28,9.4,0.056,29,183,0.99594,3.17,0.43,9.4,3
0,7.1,0.21,0.3,1.4,0.037,45,143,0.9932,3.13,0.33,9.9,4
0,9,0.29,0.34,12.1,0.03,34,177,0.99706,3.13,0.47,10.6,3
0,7.2,0.33,0.22,4.5,0.031,10,73,0.99076,2.97,0.52,12.2,5
0,7.1,0.18,0.32,12.2,0.048,36,125,0.9967,2.92,0.54,9.4,4
0,7.1,0.25,0.3,2.4,0.042,25,122,0.994,3.43,0.61,10.5,4
1,10.3,0.5,0.42,2,0.069,21,51,0.9982,3.16,0.72,11.5,4
1,9.8,0.98,0.32,2.3,0.078,35,152,0.998,3.25,0.48,9.4,3
0,6.4,0.22,0.32,12,0.066,57,158,0.9992,3.6,0.43,9,4
0,7.6,0.34,0.39,7.6,0.04,45,215,0.9965,3.11,0.53,9.2,4
1,6.8,0.69,0,5.6,0.124,21,58,0.9997,3.46,0.72,10.2,3
0,7.7,0.44,0.24,11.2,0.031,41,167,0.9948,3.12,0.43,11.3,5
0,7.6,0.36,0.49,11.3,0.046,87,221,0.9984,3.01,0.43,9.2,3
0,7.5,0.18,0.31,6.5,0.029,53,160,0.99276,3.03,0.38,10.9,4
1,7.9,0.29,0.49,2.2,0.096,21,59,0.99714,3.31,0.67,10.1,4
0,6.4,0.29,0.32,2.4,0.014,34,89,0.99008,3.24,0.66,12.5,5
0,7.3,0.18,0.29,1,0.036,26,101,0.99,3.09,0.37,11.7,4
0,5.9,0.37,0.32,1.6,0.029,41,102,0.98916,3.41,0.55,12.7,5
0,8.2,0.28,0.42,1.8,0.031,30,93,0.9917,3.09,0.39,11.4,3
0,7.4,0.26,0.43,6,0.022,22,125,0.9928,3.13,0.55,11.5,4
0,5.3,0.47,0.1,1.3,0.036,11,74,0.99082,3.48,0.54,11.2,2
0,7.2,0.36,0.36,5.7,0.038,26,98,0.9914,2.93,0.59,12.5,5
0,6.9,0.22,0.32,5.8,0.041,20,119,0.99296,3.17,0.55,11.2,4
1,11.1,0.42,0.47,2.65,0.085,9,34,0.99736,3.24,0.77,12.1,5
0,6.6,0.22,0.23,17.3,0.047,37,118,0.99906,3.08,0.46,8.8,4
0,7.7,0.27,0.34,1.8,0.028,26,168,0.9911,2.99,0.48,12.1,5
0,6.7,0.14,0.46,1.6,0.036,15,92,0.99264,3.37,0.49,10.9,3
0,7,0.29,0.37,1.6,0.035,34,126,0.99058,3.26,0.47,12.3,4
0,7.1,0.34,0.32,2,0.051,29,130,0.99354,3.3,0.5,10.4,4
0,6.7,0.11,0.26,14.8,0.053,44,95,0.99676,3.2,0.35,9.8,4
0,6.8,0.23,0.4,1.6,0.047,5,133,0.993,3.23,0.7,11.4,4
0,7.6,0.38,0.2,3.4,0.046,9,116,0.9944,3.15,0.41,9.4,3
0,5.9,0.24,0.34,2,0.037,40,108,0.98948,3.19,0.5,12.3,4
0,6.6,0.36,0.28,6.1,0.029,12,93,0.99054,3.19,0.27,12.8,5
0,6.6,0.37,0.47,6.5,0.061,23,150,0.9954,3.14,0.45,9.6,4
1,6.9,0.51,0.23,2,0.072,13,22,0.99438,3.4,0.84,11.2,4
0,7.2,0.23,0.82,1.3,0.149,70,109,0.99304,2.93,0.42,9.2,4
0,5.7,0.22,0.22,16.65,0.044,39,110,0.99855,3.24,0.48,9,4
0,7.4,0.32,0.55,16.6,0.056,53,238,1.0017,2.96,0.58,8.7,4
0,6.9,0.58,0.58,8.2,0.032,29,169,0.99275,3.28,0.44,12.2,4
0,6.3,0.26,0.42,7.1,0.045,62,209,0.99544,3.2,0.53,9.5,4
0,6.5,0.46,0.31,5,0.027,15,72,0.99165,3.26,0.6,11.5,5
0,6.5,0.2,0.5,18.1,0.054,50,221,0.99941,2.94,0.64,8.8,4
1,8,0.33,0.53,2.5,0.091,18,80,0.9976,3.37,0.8,9.6,4
0,9.6,0.25,0.54,1.3,0.04,16,160,0.9938,2.94,0.43,10.5,3
0,9.3,0.2,0.33,1.7,0.05,28,178,0.9954,3.16,0.43,9,2
0,7.4,0.22,0.26,8.8,0.027,23,112,0.9931,2.98,0.41,11.4,4
0,6.3,0.23,0.3,1.8,0.033,16,91,0.9906,3.28,0.4,11.8,4
0,7.3,0.36,0.54,13.3,0.054,63,193,0.99864,3.06,0.49,8.6,2
0,6.7,0.18,0.3,6.4,0.048,40,251,0.9956,3.29,0.52,10,3
0,7.6,0.22,0.28,12,0.056,68,143,0.9983,2.99,0.3,9.2,4
0,6.2,0.27,0.18,1.5,0.028,20,111,0.99228,3.41,0.5,10,3
1,7.3,0.4,0.3,1.7,0.08,33,79,0.9969,3.41,0.65,9.5,4
0,7.6,0.4,0.27,5.2,0.03,32,101,0.99172,3.22,0.62,12.3,5
1,9.3,0.61,0.26,3.4,0.09,25,87,0.99975,3.24,0.62,9.7,3
0,5.9,0.19,0.26,7.4,0.034,33,123,0.995,3.49,0.42,10.1,4
1,7.5,0.6,0.03,1.8,0.095,25,99,0.995,3.35,0.54,10.1,3
0,7.6,0.35,0.46,14.7,0.047,33,151,0.99709,3.03,0.53,10.3,3
0,8.2,0.68,0.3,2.1,0.047,17,138,0.995,3.22,0.71,10.8,2
0,7.4,0.18,0.36,13.1,0.056,72,163,1,3.42,0.35,9.1,4
0,6.9,0.3,0.21,15.7,0.056,49,159,0.99827,3.11,0.48,9,3
0,7.1,0.27,0.28,1.25,0.023,3,89,0.98993,2.95,0.3,11.4,2
0,6.6,0.17,0.26,7.4,0.052,45,128,0.99388,3.16,0.37,10,4
0,6.8,0.37,0.67,1.5,0.175,16,98,0.99244,3.06,0.56,10.3,4
0,6.8,0.26,0.22,4.8,0.041,110,198,0.99437,3.29,0.67,10.6,3
1,10.6,0.36,0.57,2.3,0.087,6,20,0.99676,3.14,0.72,11.1,5
1,7.2,0.37,0.32,2,0.062,15,28,0.9947,3.23,0.73,11.3,5
0,6,0.22,0.25,11.1,0.056,112,177,0.9961,3.08,0.36,9.4,4
0,7.5,0.32,0.37,1.2,0.048,22,184,0.9938,3.09,0.43,9.3,3
0,6.2,0.3,0.42,2.2,0.036,28,128,0.9901,3.13,0.38,11.6,4
1,5.9,0.61,0.08,2.1,0.071,16,24,0.99376,3.56,0.77,11.1,4
0,6.6,0.43,0.24,11.9,0.04,54,159,0.99622,3.14,0.54,9.8,4
1,6.9,0.63,0.33,6.7,0.235,66,115,0.99787,3.22,0.56,9.5,3
0,7.1,0.2,0.31,7.4,0.053,32,211,0.99587,3.31,0.59,10.4,4
0,7.3,0.24,0.34,15.4,0.05,38,174,0.9983,3.03,0.42,9,4
1,8.2,0.38,0.32,2.5,0.08,24,71,0.99624,3.27,0.85,11,4
0,6.1,0.22,0.49,1.5,0.051,18,87,0.9928,3.3,0.46,9.6,3
1,6.4,0.63,0.21,1.6,0.08,12,32,0.99689,3.58,0.66,9.8,3
0,7.1,0.35,0.27,3.1,0.034,28,134,0.9897,3.26,0.38,13.1,5
0,6.8,0.28,0.44,9.3,0.031,35,137,0.9946,3.16,0.36,10.4,4
0,6.2,0.32,0.24,4.1,0.051,34,149,0.99306,3.36,0.52,11,3
0,7.5,0.24,0.29,1.1,0.046,34,84,0.9902,3.04,0.39,11.45,4
1,12.4,0.49,0.58,3,0.103,28,99,1.0008,3.16,1,11.5,4
0,7.3,0.32,0.34,6.6,0.032,24,112,0.99505,3.22,0.46,9.8,4
0,5.6,0.255,0.57,10.7,0.056,66,171,0.99464,3.25,0.61,10.4,5
0,7,0.2,0.38,8.1,0.05,42,173,0.99585,3.3,0.54,9.8,4
0,3.9,0.225,0.4,4.2,0.03,29,118,0.989,3.57,0.36,12.8,6
0,6.7,0.3,0.5,12.1,0.045,38,127,0.9974,3.04,0.53,8.9,4
0,6.9,0.25,0.35,9.2,0.034,42,150,0.9947,3.21,0.36,11.5,4
0,6.3,0.28,0.3,3.1,0.039,24,115,0.9942,3.05,0.43,8.6,3
1,9.1,0.45,0.35,2.4,0.08,23,78,0.9987,3.38,0.62,9.5,3
0,6.1,0.28,0.16,1.3,0.06,36,126,0.99353,3.13,0.46,8.7,4
0,6.3,0.55,0.45,13,0.047,33,182,0.9974,3.2,0.46,9.2,4
0,8.3,0.36,0.57,15,0.052,35,256,1.0001,2.93,0.64,8.6,3
0,6.9,0.18,0.38,6.5,0.039,20,110,0.9943,3.1,0.42,10.5,3
0,7.1,0.18,0.39,14.5,0.051,48,156,0.99947,3.35,0.78,9.1,3
0,7,0.31,0.52,1.7,0.029,5,61,0.9918,3.07,0.43,10.4,3
0,6.6,0.23,0.3,14.9,0.051,33,118,0.99835,3.04,0.54,9,4
0,7.7,0.39,0.3,5.2,0.037,29,131,0.9943,3.38,0.44,11,4
0,7.1,0.32,0.29,4,0.038,33,170,0.99463,3.27,0.64,10.2,4
0,6.8,0.27,0.3,13,0.047,69,160,0.99705,3.16,0.5,9.6,4
0,7.1,0.23,0.39,1.6,0.032,12,65,0.9898,3.25,0.4,12.7,5
1,7.8,0.64,0.1,6,0.115,5,11,0.9984,3.37,0.69,10.1,5
0,6.6,0.32,0.22,16.7,0.046,38,133,0.9979,3.22,0.67,10.4,4
0,6.5,0.25,0.27,15.2,0.049,75,217,0.9972,3.19,0.39,9.9,3
0,7.1,0.09,0.3,6.2,0.032,24,134,0.993,2.99,0.39,10.9,4
0,7.6,0.23,0.34,1.6,0.043,24,129,0.99305,3.12,0.7,10.4,3
0,6.5,0.27,0.19,6.6,0.045,98,175,0.99364,3.16,0.34,10.1,4
0,7.2,0.32,0.3,8.25,0.02,14,104,0.99362,2.99,0.44,11.4,4
0,7.8,0.2,0.2,1.4,0.036,25,83,0.99088,3.03,0.46,11.7,4
0,8.9,0.24,0.33,15.75,0.035,16,132,0.996,3,0.37,12.1,4
1,7.4,0.635,0.1,2.4,0.08,16,33,0.99736,3.58,0.69,10.8,5
0,5,0.24,0.19,5,0.043,17,101,0.99438,3.67,0.57,10,3
0,7,0.47,0.07,1.1,0.035,17,151,0.991,3.02,0.34,10.5,3
0,7.6,0.29,0.26,6.5,0.042,32,160,0.9944,3.14,0.47,10.7,3
0,6.8,0.37,0.28,4,0.03,29,79,0.99,3.23,0.46,12.4,5
0,6.5,0.14,0.32,2.7,0.037,18,89,0.9924,3.4,0.74,11.5,5
0,6.9,0.3,0.3,10.55,0.037,4,28,0.99184,3.07,0.32,12.7,4
0,9,0.38,0.53,2.1,0.102,19,76,0.99001,2.93,0.57,12.9,3
0,6.5,0.18,0.33,8,0.051,16,131,0.9965,3.28,0.44,8.7,5
0,8.3,0.36,0.57,15,0.052,35,256,1.0001,2.93,0.64,8.6,3
0,6.6,0.23,0.26,1.3,0.045,16,128,0.9934,3.36,0.6,10,4
1,6.7,0.76,0.02,1.8,0.078,6,12,0.996,3.55,0.63,9.95,1
1,7.4,0.7,0,1.9,0.076,11,34,0.9978,3.51,0.56,9.4,3
0,5.8,0.15,0.28,0.8,0.037,43,127,0.99198,3.24,0.51,9.3,3
0,7,0.15,0.38,2.2,0.047,33,96,0.9928,3.13,0.39,10.4,6
0,7,0.23,0.42,5.1,0.042,37,144,0.99518,3.5,0.59,10.2,4
0,6.6,0.15,0.32,6,0.033,59,128,0.99192,3.19,0.71,12.1,6
0,6.9,0.36,0.35,8.6,0.038,37,125,0.9916,3,0.32,12.4,6
0,7,0.24,0.18,1.3,0.046,9,62,0.994,3.38,0.47,10.1,2
0,5.6,0.26,0.27,10.6,0.03,27,119,0.9947,3.4,0.34,10.7,5
1,9.8,0.66,0.39,3.2,0.083,21,59,0.9989,3.37,0.71,11.5,5
0,6.8,0.39,0.34,7.4,0.02,38,133,0.99212,3.18,0.44,12,5
0,6.6,0.31,0.38,16.05,0.058,16,165,0.9997,3.38,0.6,9.2,3
1,8.9,0.61,0.49,2,0.27,23,110,0.9972,3.12,1.02,9.3,3
1,7.6,0.43,0.29,2.1,0.075,19,66,0.99718,3.4,0.64,9.5,3
1,8.3,0.3,0.49,3.8,0.09,11,24,0.99498,3.27,0.64,12.1,5
0,6,0.16,0.22,1.6,0.042,36,106,0.9905,3.24,0.32,11.4,4
0,6.4,0.25,0.33,1.7,0.037,35,113,0.99164,3.23,0.66,10.6,4
0,7.4,0.16,0.49,1.2,0.055,18,150,0.9917,3.23,0.47,11.2,4
0,7.4,0.28,0.25,11.9,0.053,25,148,0.9976,3.1,0.62,9.2,3
0,7.1,0.25,0.25,1.6,0.046,50,181,0.9925,3.2,0.42,11,5
0,6.3,0.27,0.37,7.9,0.047,58,215,0.99542,3.19,0.48,9.5,4
0,4.8,0.13,0.32,1.2,0.042,40,98,0.9898,3.42,0.64,11.8,5
0,6,0.33,0.26,5.1,0.051,16,119,0.99416,3.15,0.41,9.2,3
1,7.9,0.31,0.32,1.9,0.066,14,36,0.99364,3.41,0.56,12.6,4
0,6.6,0.22,0.53,15.1,0.052,22,136,0.9986,2.94,0.35,9.4,3
1,9.3,0.37,0.44,1.6,0.038,21,42,0.99526,3.24,0.81,10.8,5
0,7.2,0.08,0.49,1.3,0.05,18,148,0.9945,3.46,0.44,10.2,4
0,6.3,0.41,0.22,7.3,0.035,23,117,0.99172,3.2,0.39,11.94,5
1,6,0.5,0,1.4,0.057,15,26,0.99448,3.36,0.45,9.5,3
1,8,0.18,0.37,0.9,0.049,36,109,0.99007,2.89,0.44,12.7,4
0,5.2,0.5,0.18,2,0.036,23,129,0.98949,3.36,0.77,13.4,5
0,7.9,0.19,0.26,2.1,0.039,8,143,0.9942,3.05,0.74,9.8,3
1,9.2,0.41,0.5,2.5,0.055,12,25,0.9952,3.34,0.79,13.3,5
0,5.3,0.165,0.24,1.1,0.051,25,105,0.9925,3.32,0.47,9.1,3
0,5.6,0.3,0.1,6.4,0.043,34,142,0.99382,3.14,0.48,9.8,3
1,8.4,0.37,0.53,1.8,0.413,9,26,0.9979,3.06,1.06,9.1,4
1,12,0.39,0.66,3,0.093,12,30,0.9996,3.18,0.63,10.8,5
1,6.9,0.49,0.1,2.3,0.074,12,30,0.9959,3.42,0.58,10.2,4
0,6.9,0.34,0.3,4.7,0.029,34,148,0.99165,3.36,0.49,12.3,5
1,8.1,0.33,0.44,1.5,0.042,6,12,0.99542,3.35,0.61,10.7,3
0,7.3,0.205,0.31,1.7,0.06,34,110,0.9963,3.72,0.69,10.5,4
0,6.6,0.2,0.27,10.9,0.038,29,130,0.99496,3.11,0.44,10.5,5
0,6.3,0.25,0.53,1.8,0.021,41,101,0.989315,3.19,0.31,13,4
1,7.8,0.87,0.26,3.8,0.107,31,67,0.99668,3.26,0.46,9.2,3
0,7.5,0.24,0.31,13.1,0.05,26,180,0.99884,3.05,0.53,9.1,4
0,5.7,0.33,0.15,1.9,0.05,20,93,0.9934,3.38,0.62,9.9,3
1,7.9,0.72,0.17,2.6,0.096,20,38,0.9978,3.4,0.53,9.5,3
1,8.9,0.31,0.36,2.6,0.056,10,39,0.99562,3.4,0.69,11.8,3
0,6.3,0.19,0.32,2.8,0.046,18,80,0.99043,2.92,0.47,11.05,4
0,6,0.28,0.29,19.3,0.051,36,174,0.99911,3.14,0.5,9,3
1,5.9,0.29,0.25,13.4,0.067,72,160,0.99721,3.33,0.54,10.3,4
0,5,0.24,0.34,1.1,0.034,49,158,0.98774,3.32,0.32,13.1,5
0,7.1,0.21,0.33,1.2,0.039,34,97,0.99112,3.11,0.75,11.2,4
0,7.2,0.4,0.24,8.5,0.055,45,151,0.99626,3.2,0.52,9.2,3
1,6.2,0.36,0.24,2.2,0.095,19,42,0.9946,3.57,0.57,11.7,4
1,10.1,0.65,0.37,5.1,0.11,11,65,1.0026,3.32,0.64,10.4,4
1,7.1,0.22,0.49,1.8,0.039,8,18,0.99344,3.39,0.56,12.4,4
0,6.2,0.37,0.22,8.3,0.025,36,216,0.9964,3.33,0.6,9.6,4
0,6.1,0.41,0.24,1.6,0.049,16,137,0.993,3.32,0.5,10.4,4
1,8.7,0.765,0.22,2.3,0.064,9,42,0.9963,3.1,0.55,9.4,3
0,7,0.15,0.28,14.7,0.051,29,149,0.99792,2.96,0.39,9,5
0,7.8,0.39,0.26,9.9,0.059,33,181,0.9955,3.04,0.42,10.9,4
0,6.6,0.23,0.3,14.9,0.051,33,118,0.99835,3.04,0.54,9,4
0,6.7,0.23,0.17,1.3,0.061,14,100,0.9925,3.07,0.55,9.5,3
0,6.4,0.18,0.35,1,0.045,39,108,0.9911,3.31,0.35,10.9,4
1,6.2,0.64,0.09,2.5,0.081,15,26,0.99538,3.57,0.63,12,3
0,6.4,0.3,0.51,5.5,0.048,62,172,0.9942,3.08,0.45,9.1,4
1,7.9,0.3,0.68,8.3,0.05,37.5,278,0.99316,3.01,0.51,12.3,5
0,6.1,0.27,0.32,1.1,0.034,24,110,0.9898,3.36,0.4,12.5,4
0,6.8,0.3,0.29,6.2,0.025,29,95,0.99071,3.03,0.32,12.9,5
0,5.2,0.36,0.02,1.6,0.031,24,104,0.9896,3.44,0.35,12.2,4
0,6.9,0.22,0.37,15,0.053,59,178,0.9992,3.37,0.82,9.5,5
0,7.4,0.19,0.31,14.5,0.045,39,193,0.9986,3.1,0.5,9.2,4
0,7.1,0.13,0.4,1.2,0.047,54,134,0.9932,3.3,0.97,9.8,5
0,7,0.22,0.31,2.7,0.03,41,136,0.9898,3.16,0.37,12.7,5
0,6.1,0.16,0.24,1.4,0.046,17,77,0.99319,3.66,0.57,10.3,4
1,7.5,0.51,0.02,1.7,0.084,13,31,0.99538,3.36,0.54,10.5,4
0,7.6,0.14,0.74,1.6,0.04,27,103,0.9916,3.07,0.4,10.8,5
1,7.1,0.16,0.44,2.5,0.068,17,31,0.99328,3.35,0.54,12.4,4
1,7.3,0.91,0.1,1.8,0.074,20,56,0.99672,3.35,0.56,9.2,3
0,7.6,0.17,0.27,4.6,0.05,23,98,0.99422,3.08,0.47,9.5,4
0,7.3,0.3,0.42,7.35,0.025,51,175,0.9928,3.04,0.32,11.4,4
0,7.9,0.37,0.3,2.7,0.029,64,158,0.9916,3.12,0.59,12,5
0,5.9,0.3,0.29,1.1,0.036,23,56,0.9904,3.19,0.38,11.3,3
0,5.1,0.23,0.18,1,0.053,13,99,0.98956,3.22,0.39,11.5,3
0,7.8,0.29,0.36,7,0.042,38,161,0.9941,3.26,0.37,11.2,6
0,8.5,0.21,0.26,9.25,0.034,73,142,0.9945,3.05,0.37,11.4,4
1,10.2,0.54,0.37,15.4,0.214,55,95,1.00369,3.18,0.77,9,4
1,8.4,0.67,0.19,2.2,0.093,11,75,0.99736,3.2,0.59,9.2,2
1,6.6,0.52,0.08,2.4,0.07,13,26,0.99358,3.4,0.72,12.5,5
0,6.6,0.27,0.29,5.3,0.045,57,189,0.9953,3.31,0.79,9.8,3
0,6.6,0.29,0.44,9,0.053,62,178,0.99685,3.02,0.45,8.9,3
0,7,0.34,0.26,10.3,0.041,51,166,0.99382,3.08,0.35,11.6,4
1,8.9,0.84,0.34,1.4,0.05,4,10,0.99554,3.12,0.48,9.1,4
0,6.4,0.3,0.45,3.5,0.197,76,180,0.9942,3.02,0.39,9.1,4
0,6.2,0.32,0.32,2.2,0.036,15,70,0.9899,3.16,0.48,12.7,4
0,6.2,0.21,0.18,11.6,0.044,61,155,0.99655,3.14,0.52,9.4,4
1,9.7,0.55,0.17,2.9,0.087,20,53,1.0004,3.14,0.61,9.4,3
1,8.7,0.31,0.46,1.4,0.059,11,25,0.9966,3.36,0.76,10.1,4
0,7,0.15,0.28,14.7,0.051,29,149,0.99792,2.96,0.39,9,5
0,6.4,0.45,0.07,1.1,0.03,10,131,0.9905,2.97,0.28,10.8,3
0,7,0.28,0.36,1,0.035,8,70,0.9899,3.09,0.46,12.1,4
0,6.2,0.22,0.2,20.8,0.035,58,184,1.00022,3.11,0.53,9,4
0,5.8,0.31,0.33,1.2,0.036,23,99,0.9916,3.18,0.6,10.5,4
0,7.2,0.32,0.24,5.6,0.033,23,120,0.99334,2.92,0.66,10.3,5
0,8.3,0.42,0.62,19.25,0.04,41,172,1.0002,2.98,0.67,9.7,3
0,6,0.2,0.26,14.7,0.045,53,125,0.998365,2.99,0.69,9.4,4
0,5.9,0.2,0.28,1,0.043,45,100,0.99033,3.4,0.41,11.4,4
0,6.9,0.33,0.21,1,0.053,39,148,0.9927,3.12,0.45,9.4,4
0,6.3,0.3,0.28,5,0.042,36,168,0.99505,3.22,0.69,9.5,4
1,7.7,0.665,0,2.4,0.09,8,19,0.9974,3.27,0.73,9.3,3
0,7.4,0.33,0.26,2.6,0.04,29,115,0.9913,3.07,0.52,11.8,5
0,8.2,0.35,0.4,6.3,0.039,35,162,0.9936,3.15,0.34,11.9,5
0,5.8,0.32,0.38,4.75,0.033,23,94,0.991,3.42,0.42,11.8,5
0,7,0.12,0.29,10.3,0.039,41,98,0.99564,3.19,0.38,9.8,6
0,5.6,0.42,0.34,2.4,0.022,34,97,0.98915,3.22,0.38,12.8,5
0,6.7,0.25,0.26,13.5,0.06,50,156,0.99784,3.39,0.46,9.9,4
1,8.3,0.49,0.36,1.8,0.222,6,16,0.998,3.18,0.6,9.5,4
1,7.2,0.65,0.02,2.3,0.094,5,31,0.9993,3.67,0.8,9.7,3
1,8.3,0.26,0.37,1.4,0.076,8,23,0.9974,3.26,0.7,9.6,4
0,7.1,0.18,0.36,1.4,0.043,31,87,0.9898,3.26,0.37,12.7,5
1,12.8,0.84,0.63,2.4,0.088,13,35,0.9997,3.1,0.6,10.4,4
0,9.2,0.22,0.4,2.4,0.054,18,151,0.9952,3.04,0.46,9.3,2
0,6.6,0.28,0.36,1.7,0.038,22,101,0.9912,3.29,0.57,11.6,4
0,6.3,0.37,0.37,1.5,0.024,12,76,0.98876,2.94,0.39,12.3,4
0,7,0.34,0.39,6.9,0.066,43,162,0.99561,3.11,0.53,9.5,3
0,7.3,0.34,0.22,1.4,0.044,43,176,0.99286,3.14,0.46,9.9,3
0,7.5,0.33,0.28,4.9,0.042,21,155,0.99385,3.36,0.57,10.9,4
0,7.5,0.21,0.29,1.5,0.046,35,107,0.99123,3.15,0.45,11.3,4
0,7.4,0.24,0.36,2,0.031,27,139,0.99055,3.28,0.48,12.5,7
0,7.4,0.22,0.28,9,0.046,22,121,0.99468,3.1,0.55,10.8,3
0,8.3,0.14,0.26,1.5,0.049,56,189,0.9946,3.21,0.62,9.5,4
1,6.8,0.49,0.22,2.3,0.071,13,24,0.99438,3.41,0.83,11.3,4
0,6.1,0.3,0.32,2.2,0.042,41,142,0.98952,3.31,0.44,12.7,5
0,6.2,0.3,0.49,11.2,0.058,68,215,0.99656,3.19,0.6,9.4,4
1,11.7,0.28,0.47,1.7,0.054,17,32,0.99686,3.15,0.67,10.6,5
0,6.7,0.34,0.31,16.4,0.051,20,146,0.99834,3.06,0.54,9.1,3
0,5.7,0.21,0.24,2.3,0.047,60,189,0.995,3.65,0.72,10.1,4
0,6,0.29,0.41,10.8,0.048,55,149,0.9937,3.09,0.59,10.96666667,5
0,5.8,0.28,0.34,2.2,0.037,24,125,0.98986,3.36,0.33,12.8,6
0,6.8,0.21,0.49,14.5,0.06,50,170,0.9991,3.55,0.44,9.8,4
0,7.8,0.32,0.33,10.4,0.031,47,194,0.99692,3.07,0.58,9.6,4
1,8.4,0.36,0.32,2.2,0.081,32,79,0.9964,3.3,0.72,11,4
1,6.1,0.715,0.1,2.6,0.053,13,27,0.99362,3.57,0.5,11.9,3
0,6.9,0.41,0.22,4.2,0.031,10,102,0.993,3,0.86,11.6,2
0,7.1,0.35,0.24,15.4,0.055,46,198,0.9988,3.12,0.49,8.8,3
0,7.4,0.17,0.29,1.4,0.047,23,107,0.9939,3.52,0.65,10.4,4
0,7.5,0.26,0.25,1.7,0.038,29,129,0.99312,3.45,0.56,10.4,4
0,7.6,0.39,0.46,11.7,0.084,55,170,0.99773,2.91,0.51,9,3
0,6.2,0.3,0.26,13.4,0.046,57,206,0.99775,3.17,0.43,9.5,4
1,9.9,0.63,0.24,2.4,0.077,6,33,0.9974,3.09,0.57,9.4,3
0,8.2,0.38,0.49,13.6,0.042,58,166,0.99855,3.1,0.54,9.4,3
0,6.1,0.27,0.28,9.8,0.042,61,125,0.99532,3.14,0.42,10.2,4
0,7.4,0.27,0.26,11.8,0.053,55,173,0.99699,3.11,0.6,9.8,3
1,6.3,0.57,0.28,2.1,0.048,13,49,0.99374,3.41,0.6,12.8,3
0,6.4,0.26,0.22,5.1,0.037,23,131,0.9944,3.29,0.32,10.1,3
1,9.1,0.4,0.5,1.8,0.071,7,16,0.99462,3.21,0.69,12.5,6
0,6.5,0.26,0.32,16.5,0.045,44,166,1,3.38,0.46,9.5,4
0,7.1,0.37,0.67,10.5,0.045,49,155,0.9975,3.16,0.44,8.7,3
1,9.9,0.72,0.55,1.7,0.136,24,52,0.99752,3.35,0.94,10,3
1,6.2,0.63,0.31,1.7,0.088,15,64,0.9969,3.46,0.79,9.3,3
1,8.5,0.655,0.49,6.1,0.122,34,151,1.001,3.31,1.14,9.3,3
0,7.2,0.23,0.33,12.7,0.049,50,183,0.9987,3.41,0.4,9.8,3
0,5.9,0.3,0.47,7.85,0.03,19,133,0.9933,3.52,0.43,11.5,5
0,6.1,0.36,0.41,19.35,0.07,67,207,1.00118,3.39,0.53,9.1,3
1,10,0.35,0.45,2.5,0.092,20,88,0.99918,3.15,0.43,9.4,3
0,6.4,0.28,0.36,1.3,0.053,28,186,0.99211,3.31,0.45,10.8,3
1,6.5,0.9,0,1.6,0.052,9,17,0.99467,3.5,0.63,10.9,4
0,6,0.2,0.26,6.8,0.049,22,93,0.9928,3.15,0.42,11,4
1,8.3,0.715,0.15,1.8,0.089,10,52,0.9968,3.23,0.77,9.5,3
0,6.6,0.3,0.25,8,0.036,21,124,0.99362,3.06,0.38,10.8,4
0,7.2,0.16,0.35,1.2,0.031,27,84,0.9928,3.33,0.34,9.9,3
0,7.3,0.29,0.3,13,0.043,46,238,0.9986,3.06,0.41,8.7,4
0,6.5,0.26,0.34,1.4,0.04,25,184,0.99216,3.29,0.46,10.7,3
0,5.6,0.295,0.2,2.2,0.049,18,134,0.99378,3.21,0.68,10,3
0,7.8,0.22,0.26,9,0.047,38,132,0.997,3.25,0.53,10.2,4
0,6.3,0.17,0.32,4.2,0.04,37,117,0.99182,3.24,0.43,11.3,4
0,7.5,0.26,0.26,18.35,0.084,33,139,1.0011,3.17,0.39,8.8,3
0,6,0.59,0,0.8,0.037,30,95,0.99032,3.1,0.4,10.9,2
1,7.2,0.52,0.07,1.4,0.074,5,20,0.9973,3.32,0.81,9.6,4
0,6.5,0.41,0.24,14,0.048,24,113,0.9982,3.44,0.53,9.8,4
0,6.3,0.14,0.39,1.2,0.044,26,116,0.992,3.26,0.53,10.3,4
0,6.8,0.24,0.31,18.3,0.046,40,142,1,3.3,0.41,8.7,3
1,8.9,0.59,0.5,2,0.337,27,81,0.9964,3.04,1.61,9.5,4
0,7.3,0.22,0.37,14.3,0.063,48,191,0.9978,2.89,0.38,9,4
0,6.1,0.32,0.28,6.6,0.021,29,132,0.99188,3.15,0.36,11.45,5
1,7.7,0.69,0.05,2.7,0.075,15,27,0.9974,3.26,0.61,9.1,3
1,7.5,0.59,0.22,1.8,0.082,43,60,0.99499,3.1,0.42,9.2,3
0,7.4,0.18,0.34,2.7,0.03,30,107,0.992,2.97,0.53,11,4
0,5.2,0.335,0.2,1.7,0.033,17,74,0.99002,3.34,0.48,12.3,4
0,5.8,0.27,0.26,3.5,0.071,26,69,0.98994,3.1,0.38,11.5,4
1,8.3,0.26,0.42,2,0.08,11,27,0.9974,3.21,0.8,9.4,4
0,7,0.23,0.33,1,0.043,46,110,0.99118,3.04,0.65,10.8,4
1,10.8,0.45,0.33,2.5,0.099,20,38,0.99818,3.24,0.71,10.8,3
0,7.7,0.42,0.38,8.1,0.061,49,144,0.9966,3.4,0.58,11,4
0,5.8,0.31,0.32,4.5,0.024,28,94,0.98906,3.25,0.52,13.7,5
0,6.2,0.25,0.48,10,0.044,78,240,0.99655,3.25,0.47,9.5,4
1,6.2,0.39,0.43,2,0.071,14,24,0.99428,3.45,0.87,11.2,5
1,6.7,0.28,0.28,2.4,0.012,36,100,0.99064,3.26,0.39,11.7,5
0,6.8,0.27,0.24,4.6,0.098,36,127,0.99412,3.15,0.49,9.6,4
1,6.9,0.84,0.21,4.1,0.074,16,65,0.99842,3.53,0.72,9.233333333,4
1,8.8,0.55,0.04,2.2,0.119,14,56,0.9962,3.21,0.6,10.9,4
1,8.2,0.6,0.17,2.3,0.072,11,73,0.9963,3.2,0.45,9.3,3
0,9,0.245,0.38,5.9,0.045,52,159,0.995,2.93,0.35,10.2,4
1,9.5,0.56,0.33,2.4,0.089,35,67,0.9972,3.28,0.73,11.8,5
0,6.5,0.36,0.16,1.3,0.054,11,107,0.99398,3.19,0.39,8.5,3
0,7.3,0.33,0.22,1.4,0.041,40,177,0.99287,3.14,0.48,9.9,3
1,7,0.62,0.1,1.4,0.071,27,63,0.996,3.28,0.61,9.2,3
0,7.3,0.19,0.27,13.9,0.057,45,155,0.99807,2.94,0.41,8.8,6
0,6.6,0.37,0.24,2,0.064,23,120,0.9946,3.32,0.54,9.4,3
0,6.8,0.27,0.26,16.1,0.049,55,196,0.9984,3.15,0.5,9.3,3
0,6,0.28,0.52,6.2,0.028,37,104,0.99161,3.28,0.51,11.8,5
0,7.4,0.16,0.49,1.2,0.055,18,150,0.9917,3.23,0.47,11.2,4
0,8.4,0.22,0.28,18.8,0.028,55,130,0.998,2.96,0.35,11.6,3
0,6.9,0.19,0.35,13.5,0.038,49,118,0.99546,3,0.63,10.7,4
1,6.7,0.48,0.02,2.2,0.08,36,111,0.99524,3.1,0.53,9.7,3
1,7.2,0.36,0.46,2.1,0.074,24,44,0.99534,3.4,0.85,11,5
1,9.2,0.755,0.18,2.2,0.148,10,103,0.9969,2.87,1.36,10.2,4
0,8.7,0.23,0.32,13.4,0.044,35,169,0.99975,3.12,0.47,8.8,5
0,8.5,0.24,0.47,15.2,0.057,40,234,1.0005,3.02,0.66,9,3
0,6,0.28,0.49,6.8,0.048,61,222,0.9953,3.19,0.47,9.3,3
0,8.3,0.28,0.4,7.8,0.041,38,194,0.9976,3.34,0.51,9.6,4
0,6.4,0.38,0.24,7.2,0.047,41,151,0.99604,3.11,0.6,9.2,3
0,6.2,0.25,0.25,1.4,0.03,35,105,0.9912,3.3,0.44,11.1,5
1,6.8,0.59,0.1,1.7,0.063,34,53,0.9958,3.41,0.67,9.7,3
0,7.1,0.27,0.24,12.6,0.044,48,118,0.99726,3.04,0.56,10,5
0,8.3,0.16,0.48,1.7,0.057,31,98,0.9943,3.15,0.41,10.3,4
0,7.2,0.17,0.37,6.9,0.059,47,128,0.99322,3.08,0.46,11,5
0,5.3,0.33,0.3,1.2,0.048,25,119,0.99045,3.32,0.62,11.3,4
0,7.7,0.24,0.31,1.3,0.047,33,106,0.993,3.22,0.55,10.8,4
0,6.4,0.22,0.31,13.9,0.04,57,135,0.99672,3.21,0.38,10.7,3
0,7.8,0.25,0.37,1,0.043,10,80,0.99128,3.08,0.38,11.4,3
0,8.5,0.23,0.28,11.1,0.033,30,97,0.99507,3.03,0.39,10.5,5
0,5.9,0.445,0.26,1.4,0.027,23,109,0.99148,3.3,0.36,10.5,4
1,9.9,0.35,0.55,2.1,0.062,5,14,0.9971,3.26,0.79,10.6,3
0,6.2,0.35,0.03,1.2,0.064,29,120,0.9934,3.22,0.54,9.1,3
1,7.5,0.725,0.04,1.5,0.076,8,15,0.99508,3.26,0.53,9.6,3
0,6.1,0.28,0.35,12.8,0.048,63,229,0.9975,3.08,0.4,8.9,3
0,6.9,0.15,0.29,2.3,0.033,14,82,0.99132,3.1,0.58,11.2,5
1,7,0.65,0.02,2.1,0.066,8,25,0.9972,3.47,0.67,9.5,4
0,6.7,0.13,0.45,4.2,0.043,52,131,0.99162,3.06,0.54,11.3,4
0,8,0.27,0.25,19.1,0.045,50,208,1.00051,3.05,0.5,9.2,4
0,7.3,0.51,0.29,11.3,0.034,61,224,0.99683,3.14,0.56,9.5,4
1,6.5,0.53,0.06,2,0.063,29,44,0.99489,3.38,0.83,10.3,4
0,6,0.2,0.33,1.1,0.039,45,126,0.99051,3.31,0.45,11.6,5
0,6.8,0.35,0.44,6.5,0.056,31,161,0.9952,3.14,0.44,9.5,3
0,7.4,0.25,0.28,7.25,0.028,14,78,0.99238,2.94,0.37,11.5,5
0,7.1,0.15,0.34,1,0.033,27,73,0.98974,3.24,0.41,12.2,4
0,7.2,0.2,0.22,1.6,0.044,17,101,0.99471,3.37,0.53,10,3
1,7.2,0.33,0.33,1.7,0.061,3,13,0.996,3.23,1.1,10,6
1,7.4,0.39,0.48,2,0.082,14,67,0.9972,3.34,0.55,9.2,3
0,8.3,0.4,0.41,8.2,0.05,15,122,0.9979,3.39,0.49,9.3,3
1,12.8,0.615,0.66,5.8,0.083,7,42,1.0022,3.07,0.73,10,5
0,7.1,0.39,0.3,9.9,0.037,29,124,0.99414,3.07,0.42,10.9,4
0,6.9,0.38,0.29,13.65,0.048,52,189,0.99784,3,0.6,9.5,4
0,7,0.36,0.25,5.7,0.015,14,73,0.98963,2.82,0.59,13.2,4
0,6.8,0.19,0.4,9.85,0.055,41,103,0.99532,2.98,0.56,10.5,4
0,6.1,0.32,0.24,1.5,0.036,38,124,0.9898,3.29,0.42,12.4,5
0,6.3,0.25,0.22,3.3,0.048,41,161,0.99256,3.16,0.5,10.5,4
1,7.1,0.62,0.06,1.3,0.07,5,12,0.9942,3.17,0.48,9.8,3
0,6.6,0.31,0.49,7.7,0.05,52,220,0.9964,3.12,0.45,8.8,3
0,5.9,0.4,0.32,6,0.034,50,127,0.992,3.51,0.58,12.5,5
0,6.9,0.4,0.22,5.95,0.081,76,303,0.99705,3.4,0.57,9.4,3
0,6.9,0.22,0.49,7,0.063,50,168,0.9957,3.54,0.5,10.3,4
0,7.2,0.34,0.3,8.4,0.051,40,167,0.99756,3.48,0.62,9.7,3
0,7.3,0.24,0.34,15.4,0.05,38,174,0.9983,3.03,0.42,9,4
0,7.4,0.28,0.4,11.9,0.032,13,92,0.99629,3.01,0.46,10.8,2
0,9.2,0.16,0.49,2,0.044,18,107,0.99514,3.1,0.53,10.2,2
0,7.2,0.28,0.38,2,0.052,23,156,0.9912,3.13,0.52,11.1,3
0,7.2,0.17,0.28,17.55,0.05,33,154,0.99971,2.94,0.43,9,5
1,6.4,0.885,0,2.3,0.166,6,12,0.99551,3.56,0.51,10.8,3
0,8.8,0.39,0.35,1.8,0.096,22,80,0.99016,2.95,0.54,12.6,4
0,6.2,0.16,0.33,1.1,0.057,21,82,0.991,3.32,0.46,10.9,5
0,6.1,0.26,0.51,2.2,0.05,61,154,0.9929,3.08,0.6,9.8,4
1,9.3,0.32,0.57,2,0.074,27,65,0.9969,3.28,0.79,10.7,3
0,7.5,0.23,0.68,11,0.047,37,133,0.9978,2.99,0.38,8.8,3
0,7.2,0.21,0.37,1.6,0.049,23,94,0.9924,3.16,0.48,10.9,5
0,6.8,0.45,0.28,26.05,0.031,27,122,1.00295,3.06,0.42,10.6,4
0,7.3,0.21,0.49,1.8,0.038,44,152,0.9912,3.32,0.44,12.6,5
0,6.9,0.21,0.81,1.1,0.137,52,123,0.9932,3.03,0.39,9.2,4
0,7.4,0.2,0.37,16.95,0.048,43,190,0.9995,3.03,0.42,9.2,4
0,7.6,0.27,0.25,13.9,0.05,45,199,0.9984,3.34,0.5,9.8,4
1,8,0.67,0.3,2,0.06,38,62,0.9958,3.26,0.56,10.2,4
0,7.3,0.32,0.35,1.4,0.05,8,163,0.99244,3.24,0.42,10.7,3
1,6.6,0.58,0.02,2.4,0.069,19,40,0.99387,3.38,0.66,12.6,4
0,6.9,0.22,0.37,15,0.053,59,178,0.9992,3.37,0.82,9.5,5
1,9.2,0.31,0.36,2.2,0.079,11,31,0.99615,3.33,0.86,12,5
0,6.9,0.22,0.32,9.3,0.04,22,110,0.9958,3.34,0.54,10.7,5
0,6.6,0.32,0.47,15.6,0.063,27,173,0.99872,3.18,0.56,9,3
0,7,0.15,0.29,16.4,0.058,45,110,0.9978,3.15,0.37,9.7,4
1,8.3,0.845,0.01,2.2,0.07,5,14,0.9967,3.32,0.58,11,2
0,6.9,0.24,0.37,6.1,0.027,38,112,0.99086,3.19,0.34,12.4,4
0,6.5,0.29,0.42,10.6,0.042,66,202,0.99674,3.24,0.53,9.5,4
0,7.5,0.26,0.26,18.35,0.084,33,139,1.0011,3.17,0.39,8.8,3
1,6.7,0.46,0.24,1.7,0.077,18,34,0.9948,3.39,0.6,10.6,4
0,7.1,0.17,0.38,7.4,0.052,49,182,0.9958,3.35,0.52,9.6,4
1,8.5,0.66,0.2,2.1,0.097,23,113,0.99733,3.13,0.48,9.2,3
1,8.3,0.56,0.22,2.4,0.082,10,86,0.9983,3.37,0.62,9.5,3
0,5.4,0.415,0.19,1.6,0.039,27,88,0.99265,3.54,0.41,10,5
0,6.2,0.23,0.36,17.2,0.039,37,130,0.99946,3.23,0.43,8.8,4
0,8.1,0.36,0.59,13.6,0.051,60,134,0.99886,2.96,0.39,8.7,3
0,6.6,0.44,0.32,3,0.095,13,75,0.98954,3.1,0.63,12.8,4
0,7.2,0.23,0.39,2.3,0.033,29,102,0.9908,3.26,0.54,12.3,5
0,7.2,0.32,0.33,1.4,0.029,29,109,0.9902,3.15,0.51,12.8,5
0,5.1,0.33,0.22,1.6,0.027,18,89,0.9893,3.51,0.38,12.5,5
0,6.2,0.37,0.3,6.6,0.346,79,200,0.9954,3.29,0.58,9.6,3
0,7.7,0.32,0.62,10.6,0.036,56,153,0.9978,3.13,0.44,8.9,4
0,6.5,0.34,0.28,1.8,0.041,43,188,0.9928,3.13,0.37,9.6,4
0,5.9,0.22,0.38,1.3,0.046,24,90,0.99232,3.2,0.47,10,4
1,7.3,0.55,0.01,1.8,0.093,9,15,0.99514,3.35,0.58,11,5
1,8.2,0.64,0.27,2,0.095,5,77,0.99747,3.13,0.62,9.1,4
0,7.2,0.22,0.28,7.2,0.06,41,132,0.9935,3.08,0.59,11.3,4
0,6.9,0.18,0.36,1.3,0.036,40,117,0.9934,3.27,0.95,9.5,5
0,5.8,0.33,0.23,5,0.053,29,106,0.99458,3.13,0.52,9,3
0,6.6,0.23,0.32,0.9,0.041,25,79,0.9926,3.39,0.54,10.2,5
0,7.2,0.5,0,0.8,0.034,46,114,0.9932,3.19,0.34,9.2,2
0,6.3,0.22,0.3,2,0.05,23,120,0.99204,3.24,0.47,10.4,4
0,8.3,0.27,0.45,1.3,0.048,8,72,0.9944,3.08,0.61,10.3,2
0,6.4,0.24,0.27,1.5,0.04,35,105,0.98914,3.13,0.3,12.4,4
0,6.4,0.15,0.4,1.3,0.053,61,146,0.99112,3.17,0.68,11,4
0,6.6,0.38,0.15,4.6,0.044,25,78,0.9931,3.11,0.38,10.2,4
0,7.1,0.36,0.37,4.8,0.019,39,114,0.99036,3.08,0.49,12.7,5
1,7.4,0.53,0.26,2,0.101,16,72,0.9957,3.15,0.57,9.4,3
0,7.9,0.44,0.37,5.85,0.033,27,93,0.992,3.16,0.54,12.6,5
0,6.5,0.22,0.32,2.2,0.028,36,92,0.99076,3.27,0.59,11.9,5
0,6,0.27,0.19,1.7,0.02,24,110,0.9898,3.32,0.47,12.6,5
0,6.1,0.19,0.37,2.6,0.041,24,99,0.99153,3.18,0.5,10.9,4
0,6,0.16,0.3,6.7,0.043,43,153,0.9951,3.63,0.46,10.6,3
0,6.9,0.3,0.21,7.2,0.045,54,190,0.99595,3.22,0.48,9.4,3
0,6.4,0.24,0.29,11.4,0.051,32,166,0.9968,3.31,0.45,9.5,3
1,7.8,0.545,0.12,2.5,0.068,11,35,0.996,3.34,0.61,11.6,4
1,6,0.31,0.47,3.6,0.067,18,42,0.99549,3.39,0.66,11,4
0,5,0.455,0.18,1.9,0.036,33,106,0.98746,3.21,0.83,14,5
0,8,0.45,0.36,8.8,0.026,50,151,0.9927,3.07,0.25,12.7,6
0,5.8,0.28,0.3,3.9,0.026,36,105,0.98963,3.26,0.58,12.75,4
0,7.6,0.35,0.47,13.3,0.037,42,116,0.99822,3.04,0.5,9.2,3
0,8.2,0.34,0.29,5.2,0.076,19,92,0.99138,2.95,0.39,12.5,4
1,7.1,0.59,0.02,2.3,0.082,24,94,0.99744,3.55,0.53,9.7,4
0,7.1,0.24,0.41,17.8,0.046,39,145,0.9998,3.32,0.39,8.7,3
0,6.9,0.29,0.32,5.8,0.04,16,112,0.993,3.04,0.58,11.2,3
0,6.6,0.24,0.33,10.1,0.032,8,81,0.99626,3.19,0.51,9.8,4
0,7.5,0.29,0.67,8.1,0.037,53,166,0.9966,2.9,0.41,8.9,4
0,5.3,0.3,0.2,1.1,0.077,48,166,0.9944,3.3,0.54,8.7,2
0,7.1,0.46,0.23,13.7,0.045,44,192,0.9981,3.11,0.53,9.4,3
0,6,0.26,0.32,3.8,0.029,48,180,0.99011,3.15,0.34,12,4
0,5.4,0.205,0.16,12.55,0.051,31,115,0.99564,3.4,0.38,10.8,4
0,5.6,0.12,0.26,4.3,0.038,18,97,0.99477,3.36,0.46,9.2,3
1,9.3,0.4,0.49,2.5,0.085,38,142,0.9978,3.22,0.55,9.4,3
0,5.5,0.28,0.21,1.6,0.032,23,85,0.99027,3.42,0.42,12.5,3
0,6.8,0.32,0.43,1.6,0.05,4,65,0.99346,3.27,0.47,10.7,3
0,7.1,0.26,0.32,5.9,0.037,39,97,0.9934,3.31,0.4,11.6,4
0,6.3,0.35,0.3,5.7,0.035,8,97,0.9927,3.27,0.41,11,5
0,7.9,0.18,0.37,3,0.061,25,178,0.995,3.22,0.51,10,4
0,6.5,0.22,0.31,3.9,0.046,17,106,0.99098,3.15,0.31,11.5,3
0,8,0.42,0.36,5,0.037,34,101,0.992,3.13,0.57,12.3,5
0,6.5,0.21,0.51,17.6,0.045,34,125,0.99966,3.2,0.47,8.8,4
1,9.3,0.38,0.48,3.8,0.132,3,11,0.99577,3.23,0.57,13.2,4
0,6.2,0.3,0.32,1.3,0.054,27,183,0.99266,3.3,0.43,10.1,3
0,7.1,0.18,0.32,12.2,0.048,36,125,0.9967,2.92,0.54,9.4,4
0,6.9,0.31,0.34,1.6,0.032,23,128,0.9917,3.37,0.47,11.7,4
0,5.9,0.32,0.19,14.5,0.042,37,115,0.99684,3.16,0.43,10.3,3
0,5.4,0.23,0.36,1.5,0.03,74,121,0.98976,3.24,0.99,12.1,5
0,5.7,0.22,0.25,1.1,0.05,97,175,0.99099,3.44,0.62,11.1,4
1,12.3,0.5,0.49,2.2,0.089,5,14,1.0002,3.19,0.44,9.6,3
1,11.3,0.37,0.5,1.8,0.09,20,47,0.99734,3.15,0.57,10.5,3
1,7.3,0.585,0.18,2.4,0.078,15,60,0.99638,3.31,0.54,9.8,3
0,6,0.27,0.31,5,0.043,54,170,0.9924,3.28,0.52,11,4
0,6.6,0.26,0.22,18.15,0.05,23,139,0.99904,3.06,0.5,9.2,3
0,6.1,0.38,0.47,1.4,0.051,59,210,0.99309,3.24,0.5,9.6,3
0,6.5,0.31,0.14,7.5,0.044,34,133,0.9955,3.22,0.5,9.5,3
1,9.5,0.59,0.44,2.3,0.071,21,68,0.9992,3.46,0.63,9.5,3
1,6.8,0.61,0.04,1.5,0.057,5,10,0.99525,3.42,0.6,9.5,3
1,6,0.51,0,2.1,0.064,40,54,0.995,3.54,0.93,10.7,4
0,6.3,0.24,0.29,1.6,0.052,48,185,0.9934,3.21,0.5,9.4,3
0,6,0.28,0.27,2.3,0.051,23,147,0.994,3.23,0.67,10.3,4
1,8.7,0.625,0.16,2,0.101,13,49,0.9962,3.14,0.57,11,3
0,6.6,0.3,0.25,8,0.036,21,124,0.99362,3.06,0.38,10.8,4
1,6.8,0.41,0.31,8.8,0.084,26,45,0.99824,3.38,0.64,10.1,4
0,6.6,0.23,0.3,14.9,0.051,33,118,0.99835,3.04,0.54,9,4
1,6.7,0.28,0.28,2.4,0.012,36,100,0.99064,3.26,0.39,11.7,5
0,7.6,0.3,0.22,10.2,0.049,57,191,0.9966,3.08,0.4,9.3,4
0,7.8,0.2,0.24,1.6,0.026,26,189,0.991,3.08,0.74,12.1,5
0,6.1,0.38,0.14,3.9,0.06,27,113,0.99344,3.07,0.34,9.2,2
0,7.3,0.205,0.31,1.7,0.06,34,110,0.9963,3.72,0.69,10.5,4
1,7.3,0.52,0.32,2.1,0.07,51,70,0.99418,3.34,0.82,12.9,4
0,6.5,0.19,0.26,5.2,0.04,31,140,0.995,3.26,0.68,9.5,4
1,6.6,0.58,0,2.2,0.1,50,63,0.99544,3.59,0.68,11.4,4
0,6,0.2,0.32,3,0.031,26,118,0.99134,3.38,0.68,11.2,5
0,5.7,0.255,0.65,1.2,0.079,17,137,0.99307,3.2,0.42,9.4,3
1,7,0.685,0,1.9,0.099,9,22,0.99606,3.34,0.6,9.7,3
1,11.6,0.23,0.57,1.8,0.074,3,8,0.9981,3.14,0.7,9.9,4
0,7.8,0.18,0.46,12.6,0.042,41,143,1,3.24,0.76,8.5,6
1,10,0.38,0.38,1.6,0.169,27,90,0.99914,3.15,0.65,8.5,3
0,7.3,0.23,0.41,14.6,0.048,73,223,0.99863,3.16,0.71,9.4,4
0,7.7,0.25,0.49,2.5,0.047,31,169,0.99252,3.07,0.57,10.6,4
0,6.5,0.33,0.38,2.5,0.047,30,148,0.98964,3.17,0.43,12.7,4
0,6.9,0.2,0.5,10,0.036,78,167,0.9964,3.15,0.55,10.2,4
0,7.2,0.39,0.63,11,0.044,55,156,0.9974,3.09,0.44,8.7,4
0,7.9,0.44,0.26,4.45,0.033,23,100,0.99117,3.17,0.52,12.7,4
0,6.6,0.33,0.24,16.05,0.045,31,147,0.99822,3.08,0.52,9.2,3
0,7.2,0.25,0.28,14.4,0.055,55,205,0.9986,3.12,0.38,9,5
0,7.2,0.37,0.15,2,0.029,27,87,0.9903,3.3,0.59,12.6,5
0,7.4,0.25,0.36,13.2,0.067,53,178,0.9976,3.01,0.48,9,4
0,6.8,0.27,0.49,1.2,0.044,35,126,0.99,3.13,0.48,12.1,5
0,6.9,0.36,0.28,13.55,0.048,51,189,0.99782,3,0.6,9.5,5
0,6.1,0.45,0.27,0.8,0.039,13,82,0.9927,3.23,0.32,9.5,3
0,6.4,0.26,0.4,1.7,0.179,5,60,0.9925,3.09,0.54,10.1,3
0,7.2,0.31,0.41,8.6,0.053,15,89,0.9976,3.29,0.64,9.9,4
0,8.1,0.28,0.4,6.9,0.05,30,97,0.9951,3.26,0.44,10.1,4
0,5.1,0.14,0.25,0.7,0.039,15,89,0.9919,3.22,0.43,9.2,4
0,6.8,0.28,0.29,11.9,0.052,51,149,0.99544,3.02,0.58,10.4,4
0,6.6,0.33,0.32,15.6,0.054,62,227,0.99734,3.25,0.56,10.4,3
0,7.2,0.25,0.39,18.95,0.038,42,155,0.9999,2.97,0.47,9,4
0,4.6,0.445,0,1.4,0.053,11,178,0.99426,3.79,0.55,10.2,3
0,6.5,0.33,0.28,6.1,0.018,41,103,0.99122,3.24,0.32,12.2,4
0,8.2,0.37,0.27,1.7,0.028,10,59,0.9923,2.97,0.48,10.4,3
0,6.9,0.23,0.4,7.5,0.04,50,151,0.9927,3.11,0.27,11.4,4
0,5.3,0.43,0.11,1.1,0.029,6,51,0.99076,3.51,0.48,11.2,2
0,7.4,0.29,0.28,10.2,0.032,43,138,0.9951,3.1,0.47,10.6,4
1,9.3,0.36,0.39,1.5,0.08,41,55,0.99652,3.47,0.73,10.9,4
0,7.8,0.21,0.34,11.9,0.039,55,140,0.9959,3.02,0.31,10.3,4
0,6.9,0.18,0.38,8.1,0.049,44,176,0.9958,3.3,0.54,9.8,4
1,12,0.5,0.59,1.4,0.073,23,42,0.998,2.92,0.68,10.5,5
1,9.9,0.59,0.07,3.4,0.102,32,71,1.00015,3.31,0.71,9.8,3
0,6,0.21,0.24,12.1,0.05,55,164,0.997,3.34,0.39,9.4,3
0,8,0.24,0.3,17.45,0.056,43,184,0.9997,3.05,0.5,9.2,4
0,7.1,0.14,0.4,1.2,0.051,55,136,0.9932,3.3,0.96,9.8,5
1,6.7,0.64,0.23,2.1,0.08,11,119,0.99538,3.36,0.7,10.9,3
0,6.8,0.15,0.3,5.3,0.05,40,127,0.9942,3.4,0.39,9.7,4
0,7.9,0.345,0.51,15.3,0.047,54,171,0.9987,3.09,0.51,9.1,3
1,10,0.46,0.44,2.9,0.065,4,8,0.99674,3.33,0.62,12.2,4
0,6.7,0.21,0.36,8.55,0.02,20,86,0.99146,3.19,0.22,13.4,5
1,7.7,0.835,0,2.6,0.081,6,14,0.9975,3.3,0.52,9.3,3
1,6.4,0.56,0.15,1.8,0.078,17,65,0.99294,3.33,0.6,10.5,4
1,9.9,0.54,0.26,2,0.111,7,60,0.99709,2.94,0.98,10.2,3
